{"stats":{"minecraft:mined":{"minecraft:birch_log":15,"minecraft:cobblestone_stairs":5,"minecraft:birch_leaves":1,"minecraft:crafting_table":2,"minecraft:grass":4,"minecraft:grass_block":1,"minecraft:oak_log":7,"minecraft:coal_ore":13,"minecraft:cobblestone":2,"travelersbackpack:white_sleeping_bag":2,"minecraft:stone":37,"minecraft:oak_leaves":1},"minecraft:broken":{"minecraft:wooden_axe":1},"minecraft:killed":{"minecraft:sheep":16,"minecraft:pig":3,"minecraft:spider":1,"minecraft:cow":6},"minecraft:used":{"minecraft:wooden_axe":55,"minecraft:iron_pickaxe":43,"travelersbackpack:white_sleeping_bag":2,"minecraft:wooden_pickaxe":17,"minecraft:stone_axe":2,"minecraft:cobblestone":2,"minecraft:mutton":16,"minecraft:beef":3,"minecraft:crafting_table":3,"minecraft:porkchop":7,"minecraft:cooked_beef":2},"minecraft:custom":{"minecraft:time_since_rest":10093,"minecraft:interact_with_furnace":3,"minecraft:sprint_one_cm":196674,"minecraft:damage_taken":630,"minecraft:walk_one_cm":114868,"minecraft:mob_kills":26,"minecraft:damage_dealt":2348,"minecraft:swim_one_cm":28890,"minecraft:interact_with_crafting_table":8,"minecraft:fly_one_cm":305955,"minecraft:open_chest":6,"minecraft:play_time":43816,"minecraft:deaths":1,"minecraft:sneak_time":40,"minecraft:walk_under_water_one_cm":2831,"minecraft:jump":1227,"minecraft:leave_game":3,"minecraft:walk_on_water_one_cm":4501,"minecraft:time_since_death":38813,"minecraft:sleep_in_bed":2,"minecraft:climb_one_cm":225,"minecraft:total_world_time":43816,"minecraft:fall_one_cm":31342},"minecraft:killed_by":{"minecraft:zombie":1},"minecraft:crafted":{"minecraft:cooked_beef":5,"travelersbackpack:white_sleeping_bag":1,"minecraft:crafting_table":1,"minecraft:stick":20,"minecraft:iron_pickaxe":1,"minecraft:wooden_pickaxe":1,"minecraft:stone_pickaxe":1,"minecraft:wooden_axe":2,"minecraft:birch_planks":60,"minecraft:stone_axe":1,"minecraft:air":0},"minecraft:picked_up":{"minecraft:birch_log":15,"minecraft:crafting_table":2,"minecraft:leather":6,"minecraft:torch":4,"minecraft:porkchop":7,"minecraft:oak_log":7,"minecraft:cobblestone_stairs":5,"minecraft:dirt":1,"minecraft:string":1,"travelersbackpack:white_sleeping_bag":2,"minecraft:beef":14,"minecraft:mutton":24,"minecraft:coal":13,"minecraft:white_wool":16,"minecraft:cobblestone":39}},"DataVersion":3465}