{"stats":{"minecraft:mined":{"minecraft:birch_log":15,"minecraft:birch_leaves":1,"minecraft:crafting_table":1},"minecraft:killed":{"minecraft:sheep":9,"minecraft:spider":1,"minecraft:pig":1},"minecraft:used":{"minecraft:wooden_axe":26,"minecraft:stone_axe":2,"minecraft:mutton":11,"minecraft:crafting_table":1,"minecraft:porkchop":3},"minecraft:custom":{"minecraft:time_since_rest":11975,"minecraft:open_chest":4,"minecraft:play_time":16947,"minecraft:interact_with_furnace":1,"minecraft:sprint_one_cm":51849,"minecraft:deaths":1,"minecraft:damage_taken":530,"minecraft:walk_one_cm":60220,"minecraft:walk_under_water_one_cm":828,"minecraft:mob_kills":11,"minecraft:jump":316,"minecraft:damage_dealt":988,"minecraft:leave_game":1,"minecraft:walk_on_water_one_cm":987,"minecraft:time_since_death":11944,"minecraft:climb_one_cm":225,"minecraft:total_world_time":16947,"minecraft:swim_one_cm":14268,"minecraft:interact_with_crafting_table":6,"minecraft:fall_one_cm":5935,"minecraft:fly_one_cm":55122},"minecraft:killed_by":{"minecraft:zombie":1},"minecraft:crafted":{"minecraft:birch_planks":40,"minecraft:crafting_table":1,"minecraft:stone_axe":1,"minecraft:stick":20,"minecraft:wooden_pickaxe":1,"minecraft:stone_pickaxe":1,"minecraft:wooden_axe":2},"minecraft:picked_up":{"minecraft:birch_log":15,"minecraft:crafting_table":1,"minecraft:porkchop":3,"minecraft:white_wool":9,"minecraft:mutton":14,"minecraft:string":1}},"DataVersion":3465}