{"stats":{"minecraft:killed":{"minecraft:spider":1},"minecraft:used":{"minecraft:stone_axe":2},"minecraft:custom":{"minecraft:jump":49,"minecraft:open_chest":4,"minecraft:time_since_rest":4947,"minecraft:damage_dealt":168,"minecraft:sprint_one_cm":860,"minecraft:interact_with_furnace":1,"minecraft:leave_game":1,"minecraft:play_time":4947,"minecraft:damage_taken":180,"minecraft:time_since_death":4947,"minecraft:walk_one_cm":10066,"minecraft:total_world_time":4947,"minecraft:mob_kills":1,"minecraft:interact_with_crafting_table":4,"minecraft:fall_one_cm":269,"minecraft:fly_one_cm":842},"minecraft:crafted":{"minecraft:stone_axe":1,"minecraft:stick":12,"minecraft:stone_pickaxe":1},"minecraft:picked_up":{"minecraft:string":1}},"DataVersion":3465}