{"stats":{"minecraft:mined":{"minecraft:birch_log":15,"minecraft:birch_leaves":1,"minecraft:crafting_table":2,"minecraft:grass":1,"minecraft:coal_ore":2,"travelersbackpack:white_sleeping_bag":1,"minecraft:stone":10},"minecraft:killed":{"minecraft:sheep":12,"minecraft:pig":3,"minecraft:spider":1,"minecraft:cow":3},"minecraft:used":{"minecraft:wooden_axe":36,"travelersbackpack:white_sleeping_bag":1,"minecraft:wooden_pickaxe":12,"minecraft:stone_axe":2,"minecraft:mutton":14,"minecraft:beef":3,"minecraft:crafting_table":2,"minecraft:porkchop":7},"minecraft:custom":{"minecraft:time_since_rest":7031,"minecraft:interact_with_furnace":1,"minecraft:sprint_one_cm":122774,"minecraft:damage_taken":570,"minecraft:walk_one_cm":76262,"minecraft:mob_kills":19,"minecraft:damage_dealt":1728,"minecraft:swim_one_cm":27029,"minecraft:interact_with_crafting_table":7,"minecraft:fly_one_cm":191287,"minecraft:open_chest":4,"minecraft:play_time":28077,"minecraft:deaths":1,"minecraft:sneak_time":40,"minecraft:walk_under_water_one_cm":2151,"minecraft:jump":766,"minecraft:leave_game":2,"minecraft:walk_on_water_one_cm":2603,"minecraft:time_since_death":23074,"minecraft:sleep_in_bed":1,"minecraft:climb_one_cm":225,"minecraft:total_world_time":28077,"minecraft:fall_one_cm":17358},"minecraft:killed_by":{"minecraft:zombie":1},"minecraft:crafted":{"travelersbackpack:white_sleeping_bag":1,"minecraft:crafting_table":1,"minecraft:stick":20,"minecraft:wooden_pickaxe":1,"minecraft:stone_pickaxe":1,"minecraft:wooden_axe":2,"minecraft:birch_planks":60,"minecraft:stone_axe":1},"minecraft:picked_up":{"minecraft:birch_log":15,"minecraft:crafting_table":2,"minecraft:leather":2,"minecraft:porkchop":7,"minecraft:string":1,"travelersbackpack:white_sleeping_bag":1,"minecraft:beef":8,"minecraft:mutton":19,"minecraft:coal":2,"minecraft:white_wool":12,"minecraft:cobblestone":10}},"DataVersion":3465}