{"stats":{"minecraft:mined":{"minecraft:birch_log":15,"minecraft:cobblestone_stairs":5,"minecraft:birch_leaves":1,"minecraft:crafting_table":2,"minecraft:grass":3,"minecraft:grass_block":1,"minecraft:oak_log":7,"minecraft:coal_ore":13,"minecraft:cobblestone":2,"travelersbackpack:white_sleeping_bag":2,"minecraft:stone":37,"minecraft:oak_leaves":1},"minecraft:broken":{"minecraft:wooden_axe":1},"minecraft:killed":{"minecraft:sheep":12,"minecraft:pig":3,"minecraft:spider":1,"minecraft:cow":3},"minecraft:used":{"minecraft:wooden_axe":44,"minecraft:iron_pickaxe":43,"travelersbackpack:white_sleeping_bag":2,"minecraft:wooden_pickaxe":17,"minecraft:stone_axe":2,"minecraft:cobblestone":2,"minecraft:mutton":16,"minecraft:beef":3,"minecraft:crafting_table":3,"minecraft:porkchop":7,"minecraft:cooked_beef":2},"minecraft:custom":{"minecraft:time_since_rest":6354,"minecraft:interact_with_furnace":3,"minecraft:sprint_one_cm":166730,"minecraft:damage_taken":580,"minecraft:walk_one_cm":104402,"minecraft:mob_kills":19,"minecraft:damage_dealt":1728,"minecraft:swim_one_cm":28890,"minecraft:interact_with_crafting_table":8,"minecraft:fly_one_cm":269145,"minecraft:open_chest":6,"minecraft:play_time":40077,"minecraft:deaths":1,"minecraft:sneak_time":40,"minecraft:walk_under_water_one_cm":2831,"minecraft:jump":1069,"minecraft:leave_game":2,"minecraft:walk_on_water_one_cm":3756,"minecraft:time_since_death":35074,"minecraft:sleep_in_bed":2,"minecraft:climb_one_cm":225,"minecraft:total_world_time":40077,"minecraft:fall_one_cm":26310},"minecraft:killed_by":{"minecraft:zombie":1},"minecraft:crafted":{"minecraft:cooked_beef":5,"travelersbackpack:white_sleeping_bag":1,"minecraft:crafting_table":1,"minecraft:stick":20,"minecraft:iron_pickaxe":1,"minecraft:wooden_pickaxe":1,"minecraft:stone_pickaxe":1,"minecraft:wooden_axe":2,"minecraft:birch_planks":60,"minecraft:stone_axe":1,"minecraft:air":0},"minecraft:picked_up":{"minecraft:birch_log":15,"minecraft:crafting_table":2,"minecraft:leather":2,"minecraft:torch":4,"minecraft:porkchop":7,"minecraft:oak_log":7,"minecraft:cobblestone_stairs":5,"minecraft:dirt":1,"minecraft:string":1,"travelersbackpack:white_sleeping_bag":2,"minecraft:beef":8,"minecraft:mutton":19,"minecraft:coal":13,"minecraft:white_wool":12,"minecraft:cobblestone":39}},"DataVersion":3465}