{"stats":{"minecraft:custom":{"minecraft:time_since_rest":19886,"minecraft:sprint_one_cm":89482,"minecraft:damage_taken":910,"minecraft:walk_one_cm":97478,"minecraft:mob_kills":9,"minecraft:drop":19,"minecraft:damage_dealt":450,"minecraft:swim_one_cm":6178,"minecraft:interact_with_crafting_table":4,"minecraft:fly_one_cm":345749,"minecraft:crouch_one_cm":2069,"minecraft:deaths":1,"minecraft:play_time":64392,"minecraft:sneak_time":804,"minecraft:walk_under_water_one_cm":1310,"minecraft:boat_one_cm":85065,"minecraft:jump":940,"minecraft:leave_game":2,"minecraft:walk_on_water_one_cm":4392,"minecraft:time_since_death":19850,"minecraft:climb_one_cm":12906,"minecraft:total_world_time":64392,"minecraft:fall_one_cm":18350},"minecraft:picked_up":{"minecraft:jungle_boat":1,"minecraft:stick":1,"minecraft:cocoa_beans":9,"minecraft:feather":4,"minecraft:crafting_table":1,"minecraft:chicken":2,"minecraft:jungle_log":32,"minecraft:wooden_pickaxe":1,"minecraft:jungle_planks":88,"minecraft:porkchop":10,"minecraft:sand":41,"minecraft:oak_log":16,"minecraft:dirt":3,"minecraft:rotten_flesh":4,"redeco:spruce_display_case":1,"minecraft:jungle_sapling":4,"minecraft:bamboo":4,"minecraft:oak_sapling":1,"minecraft:melon_slice":122,"minecraft:sugar_cane":10,"minecraft:oak_planks":64},"minecraft:killed":{"gamma_beasts:radioactive_bear_c":1,"minecraft:pig":4,"gamma_beasts:dogishi_spawn":1,"minecraft:chicken":1,"gamma_beasts:radioactive_bear_sapwn":1,"gamma_beasts:dogishi_c":1},"minecraft:mined":{"minecraft:jungle_leaves":6,"minecraft:crafting_table":1,"minecraft:grass":9,"minecraft:grass_block":2,"minecraft:jungle_planks":5,"minecraft:oak_log":17,"minecraft:melon":16,"minecraft:vine":3,"minecraft:jungle_log":32,"minecraft:dirt":1,"minecraft:sand":11,"minecraft:sugar_cane":4,"minecraft:oak_leaves":6,"minecraft:fern":4},"minecraft:killed_by":{"cataclysm:deepling_brute":1},"minecraft:broken":{"minecraft:wooden_axe":1},"minecraft:used":{"gamma_beasts:dogishi_spawn_spawn_egg":1,"minecraft:wooden_axe":76,"redeco:jungle_chair":1,"redeco:spruce_display_case":1,"minecraft:melon_slice":39,"minecraft:jungle_log":4,"redeco:oak_table":1,"minecraft:jungle_boat":1,"gamma_beasts:radioactive_bear_sapwn_spawn_egg":1,"minecraft:wooden_sword":2,"minecraft:crafting_table":2,"minecraft:porkchop":3,"minecraft:jungle_planks":20,"regions_unexplored:prismarite_cluster":1},"minecraft:crafted":{"minecraft:wooden_sword":1,"minecraft:oak_planks":64,"minecraft:crafting_table":1,"minecraft:stick":8,"minecraft:jungle_boat":1,"minecraft:wooden_pickaxe":1,"minecraft:wooden_axe":2,"minecraft:jungle_planks":112},"minecraft:dropped":{"minecraft:melon_slice":19}},"DataVersion":3465}