{"stats":{"minecraft:custom":{"minecraft:interact_with_furnace":36,"minecraft:mob_kills":40,"minecraft:interact_with_crafting_table":23,"minecraft:leave_game":4,"minecraft:time_since_death":5161,"minecraft:sleep_in_bed":2,"minecraft:climb_one_cm":12906,"minecraft:time_since_rest":4223,"minecraft:sprint_one_cm":312207,"minecraft:damage_taken":1665,"minecraft:walk_one_cm":459002,"minecraft:drop":24,"minecraft:damage_dealt":3594,"minecraft:swim_one_cm":6902,"minecraft:fly_one_cm":472835,"minecraft:open_chest":22,"minecraft:crouch_one_cm":10997,"minecraft:play_time":197944,"minecraft:deaths":2,"minecraft:sneak_time":5175,"minecraft:walk_under_water_one_cm":1457,"minecraft:boat_one_cm":190465,"minecraft:jump":2367,"minecraft:walk_on_water_one_cm":6117,"minecraft:total_world_time":197944,"minecraft:fall_one_cm":34061},"minecraft:picked_up":{"minecraft:wooden_axe":1,"minecraft:cocoa_beans":9,"minecraft:crafting_table":3,"minecraft:jungle_boat":4,"minecraft:feather":4,"minecraft:chicken":2,"minecraft:andesite":978,"minecraft:jungle_log":32,"regions_unexplored:magnolia_log":22,"minecraft:brown_wool":2,"minecraft:leather":4,"minecraft:brown_mushroom":16,"minecraft:wooden_pickaxe":1,"minecraft:flint":5,"minecraft:oak_log":16,"minecraft:string":4,"minecraft:dirt":65,"minecraft:raw_copper":46,"minecraft:wheat_seeds":2,"minecraft:stone_pickaxe":1,"minecraft:beef":8,"regions_unexplored:redwood_sapling":1,"redeco:spruce_display_case":1,"minecraft:jungle_sapling":4,"regions_unexplored:redwood_planks":7,"minecraft:bamboo":151,"minecraft:sugar_cane":10,"minecraft:melon_slice":122,"minecraft:chest":1,"minecraft:oak_planks":85,"regions_unexplored:redwood_log":44,"minecraft:egg":1,"minecraft:stick":5,"minecraft:raw_iron":25,"minecraft:cooked_porkchop":4,"minecraft:pumpkin":34,"minecraft:copper_ingot":12,"minecraft:torch":208,"minecraft:gravel":64,"minecraft:jungle_planks":141,"minecraft:porkchop":18,"minecraft:sand":41,"minecraft:diorite":2,"minecraft:spider_eye":4,"travelersbackpack:white_sleeping_bag":4,"regions_unexplored:barley":1,"minecraft:stone_sword":1,"minecraft:rotten_flesh":8,"minecraft:stone_axe":1,"minecraft:gray_wool":6,"gamma_beasts:coal_nugget":27,"minecraft:oak_sapling":1,"minecraft:black_wool":2,"minecraft:mutton":58,"minecraft:white_wool":22,"minecraft:coal":82,"minecraft:cobblestone":333},"minecraft:killed":{"minecraft:pig":9,"mca:male_zombie_villager":1,"gamma_beasts:dogishi_spawn":1,"minecraft:spider":2,"gamma_beasts:radioactive_bear_sapwn":1,"gamma_beasts:radioactive_bear_c":1,"minecraft:sheep":19,"minecraft:zombie":2,"minecraft:chicken":1,"gamma_beasts:dogishi_c":1,"minecraft:cow":2},"minecraft:mined":{"minecraft:podzol":3,"minecraft:brown_mushroom":8,"minecraft:hanging_roots":2,"regions_unexplored:barley":1,"regions_unexplored:magnolia_log":12,"minecraft:jungle_leaves":6,"minecraft:crafting_table":3,"minecraft:torch":23,"minecraft:grass_block":3,"minecraft:melon":16,"minecraft:jungle_planks":5,"minecraft:chest":1,"minecraft:jungle_log":32,"travelersbackpack:white_sleeping_bag":2,"minecraft:tall_grass":3,"minecraft:copper_ore":9,"minecraft:cobblestone":15,"minecraft:sugar_cane":4,"minecraft:oak_planks":7,"minecraft:diorite":4,"minecraft:wall_torch":6,"minecraft:large_fern":1,"minecraft:iron_ore":16,"minecraft:andesite":953,"regions_unexplored:redwood_leaves":15,"minecraft:pumpkin":17,"minecraft:grass":11,"minecraft:oak_log":17,"minecraft:coal_ore":44,"minecraft:vine":3,"minecraft:gravel":61,"minecraft:dirt":24,"minecraft:sand":11,"regions_unexplored:medium_grass":2,"minecraft:bamboo_sapling":2,"minecraft:bamboo":7,"minecraft:stone":194,"regions_unexplored:redwood_log":34,"regions_unexplored:windswept_grass":2,"minecraft:oak_leaves":6,"minecraft:fern":6},"minecraft:killed_by":{"cataclysm:deepling_brute":1,"minecraft:creeper":1},"minecraft:broken":{"minecraft:stone_pickaxe":9,"minecraft:wooden_axe":1},"minecraft:used":{"redeco:jungle_chair":1,"minecraft:diorite":1,"minecraft:stone_pickaxe":1206,"minecraft:oak_planks":7,"minecraft:chest":5,"minecraft:wooden_pickaxe":49,"redeco:oak_table":1,"minecraft:jungle_boat":3,"gamma_beasts:radioactive_bear_sapwn_spawn_egg":1,"minecraft:torch":45,"minecraft:dirt":3,"minecraft:crafting_table":6,"minecraft:jungle_planks":22,"regions_unexplored:prismarite_cluster":1,"gamma_beasts:dogishi_spawn_spawn_egg":1,"minecraft:wooden_axe":131,"regions_unexplored:redwood_log":3,"redeco:spruce_display_case":1,"travelersbackpack:white_sleeping_bag":4,"minecraft:melon_slice":64,"minecraft:jungle_log":4,"minecraft:bamboo":3,"minecraft:stone_axe":90,"minecraft:wooden_sword":2,"minecraft:cobblestone":30,"minecraft:cooked_porkchop":4,"minecraft:porkchop":3},"minecraft:crafted":{"minecraft:wooden_sword":1,"minecraft:oak_planks":64,"minecraft:cooked_porkchop":8,"minecraft:crafting_table":4,"minecraft:jungle_boat":1,"minecraft:wooden_pickaxe":1,"minecraft:copper_ingot":12,"minecraft:stone_axe":1,"minecraft:air":0,"minecraft:jungle_planks":112,"regions_unexplored:redwood_planks":152,"travelersbackpack:white_sleeping_bag":2,"minecraft:stick":52,"minecraft:iron_ingot":2,"minecraft:stone_pickaxe":10,"minecraft:wooden_axe":3,"minecraft:stone_sword":1,"minecraft:chest":4,"minecraft:torch":72},"minecraft:dropped":{"minecraft:diorite":1,"travelersbackpack:white_sleeping_bag":1,"minecraft:wooden_axe":1,"regions_unexplored:barley":1,"minecraft:melon_slice":19,"minecraft:egg":1}},"DataVersion":3465}