{"stats":{"minecraft:mined":{"minecraft:dark_oak_planks":5,"minecraft:deepslate_redstone_ore":9,"minecraft:tuff":5,"minecraft:dark_oak_leaves":2,"minecraft:dark_oak_log":43,"minecraft:oak_fence":1,"minecraft:crafting_table":3,"minecraft:torch":3,"minecraft:grass_block":3,"minecraft:cobblestone":2,"minecraft:copper_ore":22,"minecraft:sugar_cane":10,"minecraft:diorite":50,"minecraft:wall_torch":1,"minecraft:deepslate_copper_ore":6,"minecraft:dark_oak_door":1,"minecraft:birch_log":34,"minecraft:iron_ore":12,"minecraft:andesite":14,"minecraft:birch_leaves":6,"minecraft:pumpkin":5,"minecraft:grass":3,"minecraft:coal_ore":23,"minecraft:deepslate_iron_ore":8,"minecraft:gravel":13,"minecraft:cobweb":3,"minecraft:stone":37,"minecraft:deepslate":150},"minecraft:broken":{"minecraft:wooden_axe":1,"minecraft:stone_pickaxe":2},"minecraft:killed":{"minecraft:pig":2,"minecraft:salmon":3,"minecraft:spider":2,"minecraft:creeper":1,"minecraft:sheep":3,"minecraft:zombie":3,"minecraft:chicken":5,"minecraft:cow":5},"minecraft:used":{"minecraft:cooked_mutton":3,"minecraft:oak_fence":1,"minecraft:stone_sword":11,"minecraft:birch_planks":33,"minecraft:stone_pickaxe":289,"minecraft:shield":9,"minecraft:chest":3,"minecraft:wooden_pickaxe":25,"minecraft:iron_sword":1,"minecraft:rotten_flesh":2,"minecraft:iron_chestplate":1,"minecraft:torch":36,"minecraft:dirt":1,"minecraft:crafting_table":10,"minecraft:mushroom_stew":3,"minecraft:tuff":1,"minecraft:dark_oak_door":2,"minecraft:redstone_torch":14,"minecraft:wooden_axe":57,"minecraft:dark_oak_planks":31,"minecraft:chicken":4,"minecraft:iron_pickaxe":29,"minecraft:stone_axe":21,"minecraft:wooden_sword":26,"minecraft:beef":6,"minecraft:furnace":4,"minecraft:porkchop":3,"minecraft:pumpkin":2,"minecraft:iron_leggings":1},"minecraft:custom":{"minecraft:interact_with_furnace":28,"minecraft:mob_kills":24,"minecraft:interact_with_crafting_table":19,"minecraft:leave_game":1,"minecraft:time_since_death":47758,"minecraft:time_since_rest":48462,"minecraft:sprint_one_cm":256778,"minecraft:damage_taken":2484,"minecraft:walk_one_cm":331955,"minecraft:damage_blocked_by_shield":315,"minecraft:drop":16,"minecraft:damage_dealt":3073,"minecraft:swim_one_cm":34104,"minecraft:fly_one_cm":301068,"minecraft:player_kills":1,"minecraft:open_chest":6,"minecraft:crouch_one_cm":1407,"minecraft:play_time":120622,"minecraft:deaths":7,"minecraft:sneak_time":795,"minecraft:walk_under_water_one_cm":13725,"minecraft:jump":1518,"minecraft:walk_on_water_one_cm":12758,"minecraft:total_world_time":120622,"minecraft:fall_one_cm":28901},"minecraft:killed_by":{"minecraft:zombie_villager":1,"minecraft:skeleton":3,"minecraft:creeper":1,"minecraft:zombie":2},"minecraft:crafted":{"minecraft:wooden_sword":2,"minecraft:crafting_table":6,"minecraft:wooden_pickaxe":2,"minecraft:iron_sword":1,"minecraft:furnace":4,"minecraft:copper_ingot":7,"minecraft:birch_planks":136,"minecraft:stone_axe":1,"minecraft:cooked_mutton":4,"minecraft:air":0,"minecraft:glass":12,"minecraft:dark_oak_door":3,"minecraft:iron_chestplate":1,"minecraft:shield":1,"minecraft:stick":52,"minecraft:iron_ingot":21,"minecraft:iron_pickaxe":1,"minecraft:stone_pickaxe":3,"minecraft:wooden_axe":1,"minecraft:stone_sword":1,"minecraft:chest":3,"minecraft:iron_leggings":1,"minecraft:redstone_torch":14,"minecraft:dark_oak_planks":172,"minecraft:torch":32},"minecraft:dropped":{"minecraft:stone_axe":1,"minecraft:wheat_seeds":1,"minecraft:tuff":5,"minecraft:cobblestone":25,"minecraft:leather":1,"minecraft:stick":34,"minecraft:shield":1,"minecraft:wooden_sword":3,"minecraft:beef":2,"minecraft:wooden_pickaxe":3},"minecraft:picked_up":{"minecraft:wooden_axe":2,"minecraft:birch_log":34,"minecraft:crafting_table":7,"minecraft:feather":20,"minecraft:chicken":5,"minecraft:salmon":3,"minecraft:andesite":31,"minecraft:leather":10,"minecraft:red_mushroom":20,"minecraft:wooden_pickaxe":5,"minecraft:birch_planks":372,"minecraft:mushroom_stew":4,"minecraft:flint":2,"minecraft:tuff":11,"minecraft:shield":2,"minecraft:gunpowder":2,"minecraft:string":5,"minecraft:dirt":4,"minecraft:raw_copper":161,"minecraft:wooden_sword":6,"minecraft:iron_leggings":1,"minecraft:wheat_seeds":6,"minecraft:cobbled_deepslate":149,"minecraft:stone_pickaxe":1,"minecraft:beef":10,"minecraft:redstone_torch":1,"minecraft:sugar_cane":96,"minecraft:birch_sapling":4,"minecraft:oak_planks":5,"minecraft:egg":5,"minecraft:dark_oak_door":1,"minecraft:stick":39,"minecraft:raw_iron":20,"minecraft:pumpkin":14,"minecraft:oak_fence":1,"minecraft:torch":24,"minecraft:gravel":17,"minecraft:porkchop":3,"minecraft:diorite":98,"minecraft:redstone":38,"minecraft:dark_oak_log":86,"minecraft:dark_oak_planks":470,"minecraft:stone_sword":1,"minecraft:rotten_flesh":3,"minecraft:stone_axe":2,"minecraft:mutton":4,"minecraft:coal":34,"minecraft:white_wool":1,"minecraft:cobblestone":109}},"DataVersion":3465}