{"stats":{"minecraft:mined":{"minecraft:dark_oak_planks":5,"create:zinc_ore":12,"create:deepslate_zinc_ore":3,"minecraft:tuff":5,"minecraft:dark_oak_leaves":2,"minecraft:dark_oak_log":43,"minecraft:grass_block":3,"minecraft:furnace":3,"minecraft:iron_ore":14,"minecraft:andesite":14,"minecraft:pumpkin":5,"minecraft:deepslate_iron_ore":10,"minecraft:stone":41,"minecraft:deepslate_redstone_ore":9,"minecraft:oak_fence":1,"minecraft:crafting_table":6,"minecraft:torch":3,"minecraft:copper_ore":34,"minecraft:cobblestone":2,"minecraft:sugar_cane":10,"minecraft:diorite":50,"minecraft:wall_torch":1,"minecraft:deepslate_copper_ore":6,"minecraft:birch_planks":1,"minecraft:dark_oak_door":1,"minecraft:birch_log":34,"minecraft:birch_leaves":6,"minecraft:grass":4,"minecraft:coal_ore":33,"minecraft:sand":32,"minecraft:gravel":13,"minecraft:cobweb":3,"minecraft:oak_leaves":1,"minecraft:deepslate":152},"minecraft:broken":{"minecraft:stone_pickaxe":2,"minecraft:wooden_axe":1},"minecraft:killed":{"minecraft:spider":2,"minecraft:skeleton":1,"minecraft:chicken":5,"minecraft:pig":2,"minecraft:salmon":3,"minecraft:creeper":1,"minecraft:sheep":7,"minecraft:zombie":3,"minecraft:cow":7},"minecraft:used":{"minecraft:oak_fence":1,"minecraft:stone_sword":11,"minecraft:chest":3,"minecraft:shield":32,"minecraft:iron_sword":9,"minecraft:rotten_flesh":3,"minecraft:iron_chestplate":1,"minecraft:torch":36,"minecraft:dirt":1,"minecraft:tuff":1,"minecraft:dark_oak_planks":31,"minecraft:wooden_axe":57,"minecraft:beef":6,"minecraft:furnace":7,"minecraft:pumpkin":2,"minecraft:iron_leggings":1,"minecraft:cooked_mutton":3,"minecraft:diorite":8,"minecraft:birch_planks":34,"minecraft:stone_pickaxe":290,"minecraft:wooden_pickaxe":25,"minecraft:crafting_table":13,"minecraft:mushroom_stew":4,"minecraft:dark_oak_door":2,"minecraft:redstone_torch":14,"minecraft:chicken":4,"minecraft:iron_pickaxe":85,"minecraft:stone_axe":30,"minecraft:wooden_sword":26,"travelersbackpack:standard":3,"minecraft:cooked_porkchop":5,"minecraft:porkchop":3},"minecraft:custom":{"minecraft:mob_kills":32,"minecraft:interact_with_crafting_table":31,"minecraft:leave_game":1,"minecraft:time_since_death":19042,"minecraft:sprint_one_cm":385367,"minecraft:walk_one_cm":408000,"minecraft:damage_blocked_by_shield":1270,"minecraft:drop":30,"minecraft:talked_to_villager":5,"minecraft:play_time":168622,"minecraft:deaths":9,"minecraft:sneak_time":1886,"minecraft:walk_under_water_one_cm":22666,"minecraft:boat_one_cm":151950,"minecraft:jump":2256,"minecraft:walk_on_water_one_cm":29911,"minecraft:total_world_time":168622,"minecraft:interact_with_furnace":47,"minecraft:sleep_in_bed":2,"minecraft:time_since_rest":843,"minecraft:damage_taken":3283,"minecraft:damage_dealt":4022,"minecraft:swim_one_cm":61646,"minecraft:player_kills":1,"minecraft:fly_one_cm":414843,"minecraft:open_chest":6,"minecraft:crouch_one_cm":5574,"minecraft:fall_one_cm":46015},"minecraft:killed_by":{"minecraft:zombie_villager":1,"minecraft:creeper":2,"minecraft:skeleton":3,"minecraft:zombie":3},"minecraft:crafted":{"minecraft:wooden_sword":2,"minecraft:furnace":5,"minecraft:cooked_mutton":10,"minecraft:dark_oak_door":3,"minecraft:glass":34,"travelersbackpack:white_sleeping_bag":1,"minecraft:stone_pickaxe":3,"minecraft:chest":4,"minecraft:dark_oak_planks":172,"minecraft:crafting_table":7,"travelersbackpack:backpack_tank":2,"minecraft:wooden_pickaxe":2,"travelersbackpack:standard":1,"minecraft:iron_sword":1,"minecraft:copper_ingot":7,"minecraft:birch_planks":136,"minecraft:stone_axe":1,"minecraft:air":0,"minecraft:iron_chestplate":1,"minecraft:shield":1,"minecraft:stick":52,"minecraft:iron_ingot":25,"minecraft:iron_pickaxe":1,"minecraft:wooden_axe":1,"minecraft:stone_sword":1,"minecraft:iron_leggings":1,"minecraft:sandstone":1,"minecraft:redstone_torch":14,"minecraft:torch":32},"minecraft:dropped":{"minecraft:birch_planks":32,"minecraft:wheat_seeds":1,"minecraft:cobblestone":25,"minecraft:leather":1,"minecraft:flint":4,"minecraft:stick":34,"minecraft:wooden_sword":3,"minecraft:sand":6,"minecraft:white_wool":1,"minecraft:bone":1,"minecraft:dark_oak_door":3,"minecraft:stone_axe":1,"minecraft:bowl":4,"minecraft:tuff":5,"minecraft:birch_sapling":2,"minecraft:shield":1,"minecraft:redstone_torch":1,"minecraft:sandstone":2,"minecraft:beef":2,"minecraft:wooden_pickaxe":3,"minecraft:egg":1},"minecraft:picked_up":{"minecraft:wooden_axe":2,"minecraft:crafting_table":11,"minecraft:chicken":5,"minecraft:wooden_pickaxe":5,"minecraft:shield":4,"minecraft:string":13,"minecraft:raw_copper":323,"minecraft:wooden_sword":8,"minecraft:iron_leggings":3,"minecraft:cobbled_deepslate":291,"minecraft:beef":22,"minecraft:redstone_torch":2,"minecraft:iron_pickaxe":2,"minecraft:sugar_cane":156,"minecraft:birch_sapling":6,"minecraft:furnace":4,"minecraft:iron_boots":2,"minecraft:egg":6,"minecraft:dark_oak_door":4,"minecraft:sandstone":1,"minecraft:stick":55,"minecraft:raw_iron":24,"minecraft:oak_fence":1,"minecraft:torch":49,"minecraft:bowl":4,"minecraft:porkchop":3,"minecraft:diorite":216,"minecraft:redstone":38,"minecraft:dark_oak_planks":658,"minecraft:cactus":4,"minecraft:stone_sword":5,"minecraft:arrow":2,"minecraft:rotten_flesh":4,"minecraft:gold_ingot":10,"minecraft:mutton":16,"minecraft:white_wool":7,"minecraft:cobblestone":339,"minecraft:birch_log":34,"minecraft:feather":20,"minecraft:andesite":31,"minecraft:salmon":3,"minecraft:leather":20,"minecraft:red_mushroom":20,"minecraft:birch_planks":468,"minecraft:mushroom_stew":4,"minecraft:flint":6,"minecraft:tuff":11,"create:raw_zinc":22,"minecraft:gunpowder":2,"minecraft:dirt":4,"minecraft:glass":8,"minecraft:bone":1,"minecraft:wheat_seeds":6,"minecraft:iron_ingot":2,"minecraft:stone_pickaxe":3,"minecraft:oak_planks":37,"minecraft:iron_sword":2,"minecraft:cooked_porkchop":7,"minecraft:birch_boat":2,"minecraft:pumpkin":20,"minecraft:gravel":17,"minecraft:sand":38,"minecraft:dark_oak_log":86,"travelersbackpack:white_sleeping_bag":1,"minecraft:stone_axe":4,"minecraft:coal":52}},"DataVersion":3465}