{"stats":{"minecraft:mined":{"minecraft:dark_oak_leaves":1,"minecraft:birch_log":34,"minecraft:dark_oak_log":43,"minecraft:birch_leaves":6,"minecraft:pumpkin":5,"minecraft:crafting_table":2,"minecraft:grass":2,"minecraft:grass_block":2,"minecraft:sugar_cane":3},"minecraft:killed":{"minecraft:chicken":4,"minecraft:cow":3},"minecraft:used":{"minecraft:wooden_axe":51,"minecraft:birch_planks":29,"minecraft:chicken":4,"minecraft:wooden_sword":12,"minecraft:dirt":1,"minecraft:beef":6,"minecraft:crafting_table":2,"minecraft:pumpkin":2},"minecraft:custom":{"minecraft:time_since_rest":2235,"minecraft:sprint_one_cm":98016,"minecraft:damage_taken":1385,"minecraft:walk_one_cm":86434,"minecraft:mob_kills":7,"minecraft:drop":6,"minecraft:damage_dealt":692,"minecraft:interact_with_crafting_table":3,"minecraft:swim_one_cm":5931,"minecraft:fly_one_cm":227350,"minecraft:crouch_one_cm":163,"minecraft:play_time":40727,"minecraft:deaths":4,"minecraft:sneak_time":111,"minecraft:walk_under_water_one_cm":703,"minecraft:jump":746,"minecraft:time_since_death":2207,"minecraft:walk_on_water_one_cm":2345,"minecraft:total_world_time":40727,"minecraft:fall_one_cm":18867},"minecraft:killed_by":{"minecraft:skeleton":2,"minecraft:zombie":2},"minecraft:crafted":{"minecraft:wooden_sword":2,"minecraft:crafting_table":1,"minecraft:stick":8,"minecraft:wooden_pickaxe":2,"minecraft:wooden_axe":1,"minecraft:dark_oak_planks":172,"minecraft:birch_planks":136},"minecraft:dropped":{"minecraft:wooden_sword":3,"minecraft:leather":1,"minecraft:wooden_pickaxe":2},"minecraft:picked_up":{"minecraft:wooden_axe":1,"minecraft:birch_log":34,"minecraft:crafting_table":3,"minecraft:feather":10,"minecraft:chicken":4,"minecraft:pumpkin":8,"minecraft:leather":7,"minecraft:red_mushroom":10,"minecraft:wooden_pickaxe":2,"minecraft:birch_planks":99,"minecraft:dark_oak_log":86,"minecraft:dirt":2,"minecraft:wooden_sword":3,"minecraft:wheat_seeds":2,"minecraft:beef":6,"minecraft:sugar_cane":28,"minecraft:egg":2}},"DataVersion":3465}