{"stats":{"minecraft:mined":{"minecraft:dark_oak_planks":5,"create:zinc_ore":7,"minecraft:tuff":5,"minecraft:dark_oak_leaves":2,"minecraft:dark_oak_log":43,"minecraft:grass_block":3,"minecraft:furnace":1,"minecraft:iron_ore":12,"minecraft:andesite":14,"minecraft:pumpkin":5,"minecraft:deepslate_iron_ore":8,"minecraft:stone":38,"minecraft:deepslate_redstone_ore":9,"minecraft:oak_fence":1,"minecraft:crafting_table":4,"minecraft:torch":3,"minecraft:copper_ore":34,"minecraft:cobblestone":2,"minecraft:sugar_cane":10,"minecraft:diorite":50,"minecraft:wall_torch":1,"minecraft:deepslate_copper_ore":6,"minecraft:dark_oak_door":1,"minecraft:birch_log":34,"minecraft:birch_leaves":6,"minecraft:grass":4,"minecraft:coal_ore":24,"minecraft:sand":18,"minecraft:gravel":13,"minecraft:cobweb":3,"minecraft:oak_leaves":1,"minecraft:deepslate":150},"minecraft:broken":{"minecraft:stone_pickaxe":2,"minecraft:wooden_axe":1},"minecraft:killed":{"minecraft:spider":2,"minecraft:chicken":5,"minecraft:pig":2,"minecraft:salmon":3,"minecraft:creeper":1,"minecraft:sheep":7,"minecraft:zombie":3,"minecraft:cow":7},"minecraft:used":{"minecraft:oak_fence":1,"minecraft:stone_sword":11,"minecraft:chest":3,"minecraft:shield":23,"minecraft:iron_sword":7,"minecraft:rotten_flesh":3,"minecraft:iron_chestplate":1,"minecraft:torch":36,"minecraft:dirt":1,"minecraft:tuff":1,"minecraft:dark_oak_planks":31,"minecraft:wooden_axe":57,"minecraft:beef":6,"minecraft:furnace":5,"minecraft:pumpkin":2,"minecraft:iron_leggings":1,"minecraft:cooked_mutton":3,"minecraft:diorite":8,"minecraft:birch_planks":33,"minecraft:stone_pickaxe":289,"minecraft:wooden_pickaxe":25,"minecraft:crafting_table":11,"minecraft:mushroom_stew":4,"minecraft:dark_oak_door":2,"minecraft:redstone_torch":14,"minecraft:chicken":4,"minecraft:iron_pickaxe":53,"minecraft:stone_axe":27,"minecraft:wooden_sword":26,"minecraft:cooked_porkchop":4,"minecraft:porkchop":3},"minecraft:custom":{"minecraft:mob_kills":31,"minecraft:interact_with_crafting_table":22,"minecraft:leave_game":1,"minecraft:time_since_death":22879,"minecraft:sprint_one_cm":347361,"minecraft:walk_one_cm":368038,"minecraft:damage_blocked_by_shield":775,"minecraft:drop":29,"minecraft:play_time":144622,"minecraft:deaths":8,"minecraft:sneak_time":1230,"minecraft:walk_under_water_one_cm":15953,"minecraft:boat_one_cm":151950,"minecraft:jump":1970,"minecraft:walk_on_water_one_cm":14156,"minecraft:total_world_time":144622,"minecraft:interact_with_furnace":30,"minecraft:time_since_rest":22919,"minecraft:damage_taken":2875,"minecraft:damage_dealt":3842,"minecraft:swim_one_cm":48250,"minecraft:player_kills":1,"minecraft:fly_one_cm":384940,"minecraft:open_chest":6,"minecraft:crouch_one_cm":3507,"minecraft:fall_one_cm":40733},"minecraft:killed_by":{"minecraft:zombie_villager":1,"minecraft:creeper":1,"minecraft:skeleton":3,"minecraft:zombie":3},"minecraft:crafted":{"minecraft:wooden_sword":2,"minecraft:furnace":5,"minecraft:cooked_mutton":4,"minecraft:dark_oak_door":3,"minecraft:glass":20,"travelersbackpack:white_sleeping_bag":1,"minecraft:stone_pickaxe":3,"minecraft:chest":3,"minecraft:dark_oak_planks":172,"minecraft:crafting_table":7,"minecraft:wooden_pickaxe":2,"minecraft:iron_sword":1,"minecraft:copper_ingot":7,"minecraft:birch_planks":136,"minecraft:stone_axe":1,"minecraft:air":0,"minecraft:iron_chestplate":1,"minecraft:shield":1,"minecraft:stick":52,"minecraft:iron_ingot":21,"minecraft:iron_pickaxe":1,"minecraft:wooden_axe":1,"minecraft:stone_sword":1,"minecraft:iron_leggings":1,"minecraft:sandstone":1,"minecraft:redstone_torch":14,"minecraft:torch":32},"minecraft:dropped":{"minecraft:birch_planks":32,"minecraft:wheat_seeds":1,"minecraft:cobblestone":25,"minecraft:leather":1,"minecraft:flint":4,"minecraft:stick":34,"minecraft:wooden_sword":3,"minecraft:sand":6,"minecraft:white_wool":1,"minecraft:dark_oak_door":3,"minecraft:stone_axe":1,"minecraft:bowl":4,"minecraft:tuff":5,"minecraft:birch_sapling":2,"minecraft:shield":1,"minecraft:redstone_torch":1,"minecraft:sandstone":2,"minecraft:beef":2,"minecraft:wooden_pickaxe":3,"minecraft:egg":1},"minecraft:picked_up":{"minecraft:wooden_axe":2,"minecraft:crafting_table":8,"minecraft:chicken":5,"minecraft:wooden_pickaxe":5,"minecraft:shield":3,"minecraft:string":8,"minecraft:raw_copper":259,"minecraft:wooden_sword":7,"minecraft:iron_leggings":2,"minecraft:cobbled_deepslate":218,"minecraft:beef":16,"minecraft:redstone_torch":2,"minecraft:iron_pickaxe":1,"minecraft:sugar_cane":126,"minecraft:birch_sapling":6,"minecraft:furnace":1,"minecraft:iron_boots":1,"minecraft:egg":6,"minecraft:dark_oak_door":4,"minecraft:sandstone":1,"minecraft:stick":47,"minecraft:raw_iron":20,"minecraft:oak_fence":1,"minecraft:torch":49,"minecraft:bowl":4,"minecraft:porkchop":3,"minecraft:diorite":161,"minecraft:redstone":38,"minecraft:dark_oak_planks":566,"minecraft:stone_sword":3,"minecraft:rotten_flesh":4,"minecraft:gold_ingot":5,"minecraft:mutton":10,"minecraft:white_wool":6,"minecraft:cobblestone":226,"minecraft:birch_log":34,"minecraft:feather":20,"minecraft:andesite":31,"minecraft:salmon":3,"minecraft:leather":15,"minecraft:red_mushroom":20,"minecraft:birch_planks":436,"minecraft:mushroom_stew":4,"minecraft:flint":6,"minecraft:tuff":11,"create:raw_zinc":7,"minecraft:gunpowder":2,"minecraft:dirt":4,"minecraft:wheat_seeds":6,"minecraft:iron_ingot":1,"minecraft:stone_pickaxe":2,"minecraft:oak_planks":21,"minecraft:iron_sword":1,"minecraft:cooked_porkchop":7,"minecraft:birch_boat":1,"minecraft:pumpkin":17,"minecraft:gravel":17,"minecraft:sand":24,"minecraft:dark_oak_log":86,"minecraft:stone_axe":3,"minecraft:coal":35}},"DataVersion":3465}