{"stats":{"minecraft:custom":{"minecraft:mob_kills":10,"minecraft:interact_with_crafting_table":8,"minecraft:leave_game":4,"minecraft:time_since_death":51402,"minecraft:climb_one_cm":12906,"minecraft:time_since_rest":51438,"minecraft:sprint_one_cm":124313,"minecraft:damage_taken":985,"minecraft:walk_one_cm":152054,"minecraft:drop":19,"minecraft:damage_dealt":525,"minecraft:swim_one_cm":6902,"minecraft:fly_one_cm":366125,"minecraft:crouch_one_cm":6807,"minecraft:play_time":95944,"minecraft:deaths":1,"minecraft:sneak_time":3671,"minecraft:walk_under_water_one_cm":1457,"minecraft:boat_one_cm":190465,"minecraft:jump":1180,"minecraft:walk_on_water_one_cm":6117,"minecraft:total_world_time":95944,"minecraft:fall_one_cm":20140},"minecraft:picked_up":{"minecraft:cocoa_beans":9,"minecraft:crafting_table":2,"minecraft:jungle_boat":4,"minecraft:feather":4,"minecraft:chicken":2,"minecraft:jungle_log":32,"minecraft:wooden_pickaxe":1,"minecraft:oak_log":16,"minecraft:dirt":20,"regions_unexplored:redwood_sapling":1,"redeco:spruce_display_case":1,"minecraft:jungle_sapling":4,"minecraft:bamboo":4,"minecraft:sugar_cane":10,"minecraft:melon_slice":122,"minecraft:oak_planks":71,"regions_unexplored:redwood_log":40,"minecraft:stick":2,"minecraft:torch":1,"minecraft:jungle_planks":89,"minecraft:porkchop":10,"minecraft:sand":41,"minecraft:rotten_flesh":4,"gamma_beasts:coal_nugget":9,"minecraft:oak_sapling":1,"minecraft:coal":29,"minecraft:cobblestone":144},"minecraft:killed":{"minecraft:pig":5,"gamma_beasts:dogishi_spawn":1,"gamma_beasts:radioactive_bear_sapwn":1,"gamma_beasts:radioactive_bear_c":1,"minecraft:chicken":1,"gamma_beasts:dogishi_c":1},"minecraft:mined":{"minecraft:podzol":2,"minecraft:jungle_leaves":6,"minecraft:crafting_table":2,"minecraft:grass_block":2,"minecraft:melon":16,"minecraft:jungle_planks":5,"minecraft:jungle_log":32,"minecraft:cobblestone":1,"minecraft:sugar_cane":4,"minecraft:oak_planks":7,"minecraft:diorite":1,"regions_unexplored:redwood_leaves":15,"minecraft:grass":9,"minecraft:oak_log":17,"minecraft:coal_ore":29,"minecraft:vine":3,"minecraft:dirt":13,"minecraft:sand":11,"minecraft:stone":117,"regions_unexplored:redwood_log":30,"minecraft:oak_leaves":6,"minecraft:fern":4},"minecraft:broken":{"minecraft:wooden_axe":1},"minecraft:killed_by":{"cataclysm:deepling_brute":1},"minecraft:used":{"redeco:jungle_chair":1,"minecraft:stone_pickaxe":102,"minecraft:oak_planks":7,"minecraft:wooden_pickaxe":49,"redeco:oak_table":1,"minecraft:jungle_boat":3,"gamma_beasts:radioactive_bear_sapwn_spawn_egg":1,"minecraft:torch":6,"minecraft:dirt":3,"minecraft:crafting_table":3,"minecraft:jungle_planks":22,"regions_unexplored:prismarite_cluster":1,"gamma_beasts:dogishi_spawn_spawn_egg":1,"minecraft:wooden_axe":131,"regions_unexplored:redwood_log":3,"redeco:spruce_display_case":1,"minecraft:melon_slice":49,"minecraft:jungle_log":4,"minecraft:wooden_sword":2,"minecraft:cobblestone":13,"minecraft:porkchop":3},"minecraft:crafted":{"minecraft:wooden_sword":1,"minecraft:oak_planks":64,"minecraft:crafting_table":2,"minecraft:jungle_boat":1,"minecraft:wooden_pickaxe":1,"minecraft:stone_axe":1,"minecraft:jungle_planks":112,"regions_unexplored:redwood_planks":148,"minecraft:stick":16,"minecraft:stone_pickaxe":1,"minecraft:wooden_axe":3,"minecraft:stone_sword":1,"minecraft:chest":2,"minecraft:torch":8},"minecraft:dropped":{"minecraft:melon_slice":19}},"DataVersion":3465}