{"stats":{"minecraft:used":{"gamma_beasts:dogishi_spawn_spawn_egg":1,"luckys_armory:heavy_diamond_armor_leggings":1,"luckys_armory:heavy_netherite_armor_leggings":1,"gamma_beasts:radioactive_bear_sapwn_spawn_egg":1,"redeco:jungle_chair":1,"redeco:spruce_display_case":1,"luckys_armory:heavy_diamond_armor_boots":1,"regions_unexplored:prismarite_cluster":1,"luckys_armory:heavy_diamond_armor_chestplate":1,"luckys_armory:heavy_netherite_armor_helmet":1,"redeco:oak_table":1,"luckys_armory:heavy_netherite_armor_chestplate":1,"luckys_armory:heavy_diamond_armor_helmet":1,"luckys_armory:heavy_netherite_armor_boots":1},"minecraft:killed":{"gamma_beasts:radioactive_bear_c":1,"gamma_beasts:radioactive_bear_sapwn":1,"gamma_beasts:dogishi_c":1,"gamma_beasts:dogishi_spawn":1},"minecraft:custom":{"minecraft:time_since_rest":14261,"minecraft:play_time":14261,"minecraft:sprint_one_cm":634,"minecraft:walk_one_cm":6776,"minecraft:sneak_time":51,"minecraft:mob_kills":4,"minecraft:jump":16,"minecraft:leave_game":1,"minecraft:time_since_death":14261,"minecraft:total_world_time":14261,"minecraft:climb_one_cm":90,"minecraft:fly_one_cm":258760},"minecraft:picked_up":{"redeco:spruce_display_case":1}},"DataVersion":3465}