{"stats":{"minecraft:killed":{"gamma_beasts:radioactive_bear_c":1,"gamma_beasts:dogishi_c":1,"gamma_beasts:dogishi_spawn":1,"gamma_beasts:radioactive_bear_sapwn":1},"minecraft:custom":{"minecraft:jump":16,"minecraft:time_since_rest":16946,"minecraft:leave_game":1,"minecraft:play_time":16946,"minecraft:sprint_one_cm":634,"minecraft:time_since_death":16946,"minecraft:walk_one_cm":6776,"minecraft:sneak_time":51,"minecraft:climb_one_cm":90,"minecraft:total_world_time":16946,"minecraft:mob_kills":4,"minecraft:fly_one_cm":258760},"minecraft:picked_up":{"redeco:spruce_display_case":1},"minecraft:used":{"gamma_beasts:dogishi_spawn_spawn_egg":1,"redeco:jungle_chair":1,"gamma_beasts:radioactive_bear_sapwn_spawn_egg":1,"regions_unexplored:prismarite_cluster":1,"redeco:oak_table":1,"redeco:spruce_display_case":1}},"DataVersion":3465}