{"stats":{"minecraft:crafted":{"minecraft:wooden_sword":1,"minecraft:crafting_table":1,"minecraft:stick":8,"minecraft:wooden_pickaxe":1,"minecraft:jungle_planks":28,"minecraft:wooden_axe":1},"minecraft:killed":{"gamma_beasts:radioactive_bear_c":1,"gamma_beasts:radioactive_bear_sapwn":1,"minecraft:pig":2,"gamma_beasts:dogishi_c":1,"gamma_beasts:dogishi_spawn":1},"minecraft:custom":{"minecraft:time_since_rest":28946,"minecraft:sprint_one_cm":8485,"minecraft:play_time":28946,"minecraft:walk_one_cm":10733,"minecraft:sneak_time":51,"minecraft:mob_kills":6,"minecraft:jump":143,"minecraft:damage_dealt":200,"minecraft:leave_game":1,"minecraft:time_since_death":28946,"minecraft:total_world_time":28946,"minecraft:climb_one_cm":731,"minecraft:fall_one_cm":1254,"minecraft:interact_with_crafting_table":1,"minecraft:fly_one_cm":270673},"minecraft:mined":{"minecraft:grass":3,"minecraft:vine":3,"minecraft:jungle_log":31,"minecraft:jungle_leaves":2,"minecraft:crafting_table":1},"minecraft:picked_up":{"minecraft:cocoa_beans":9,"minecraft:crafting_table":1,"minecraft:jungle_log":29,"minecraft:porkchop":5,"redeco:spruce_display_case":1},"minecraft:used":{"gamma_beasts:dogishi_spawn_spawn_egg":1,"minecraft:wooden_axe":30,"gamma_beasts:radioactive_bear_sapwn_spawn_egg":1,"redeco:jungle_chair":1,"redeco:spruce_display_case":1,"minecraft:crafting_table":1,"minecraft:jungle_log":4,"regions_unexplored:prismarite_cluster":1,"redeco:oak_table":1}},"DataVersion":3465}