{"stats":{"minecraft:custom":{"minecraft:mob_kills":40,"minecraft:interact_with_crafting_table":38,"minecraft:leave_game":4,"minecraft:time_since_death":41032,"minecraft:climb_one_cm":12906,"minecraft:sprint_one_cm":329274,"minecraft:walk_one_cm":532951,"minecraft:damage_blocked_by_shield":10,"minecraft:drop":29,"minecraft:play_time":233815,"minecraft:deaths":2,"minecraft:sneak_time":5730,"minecraft:walk_under_water_one_cm":20077,"minecraft:boat_one_cm":190465,"minecraft:jump":2855,"minecraft:walk_on_water_one_cm":10700,"minecraft:total_world_time":233815,"minecraft:interact_with_furnace":106,"minecraft:sleep_in_bed":2,"minecraft:time_since_rest":40094,"minecraft:damage_taken":2059,"minecraft:damage_dealt":3604,"minecraft:swim_one_cm":47884,"minecraft:fly_one_cm":483508,"minecraft:open_chest":28,"minecraft:crouch_one_cm":11615,"minecraft:fall_one_cm":43126},"minecraft:picked_up":{"minecraft:wooden_axe":1,"minecraft:cocoa_beans":9,"minecraft:crafting_table":3,"minecraft:chicken":2,"regions_unexplored:magnolia_log":22,"minecraft:brown_mushroom":16,"minecraft:wooden_pickaxe":1,"minecraft:string":4,"minecraft:raw_copper":46,"minecraft:beef":8,"redeco:spruce_display_case":1,"minecraft:jungle_sapling":4,"regions_unexplored:redwood_planks":7,"minecraft:melon_slice":122,"minecraft:sugar_cane":10,"minecraft:chest":1,"regions_unexplored:redwood_log":44,"minecraft:egg":1,"minecraft:stick":5,"minecraft:raw_iron":89,"minecraft:jungle_door":7,"minecraft:copper_ingot":12,"minecraft:torch":211,"minecraft:porkchop":18,"minecraft:diorite":2,"regions_unexplored:barley":1,"minecraft:stone_sword":1,"minecraft:rotten_flesh":8,"gamma_beasts:coal_nugget":28,"minecraft:mutton":58,"minecraft:white_wool":22,"minecraft:cobblestone":347,"minecraft:jungle_boat":4,"minecraft:feather":4,"minecraft:jungle_log":32,"minecraft:andesite":978,"minecraft:leather":4,"minecraft:brown_wool":2,"minecraft:flint":5,"minecraft:oak_log":16,"minecraft:dirt":72,"minecraft:wheat_seeds":2,"regions_unexplored:redwood_sapling":1,"minecraft:stone_pickaxe":1,"minecraft:bamboo":151,"minecraft:oak_planks":85,"minecraft:cooked_porkchop":4,"minecraft:pumpkin":34,"minecraft:gravel":65,"minecraft:sand":41,"minecraft:jungle_planks":141,"minecraft:spider_eye":4,"travelersbackpack:white_sleeping_bag":5,"minecraft:stone_axe":1,"minecraft:gray_wool":6,"minecraft:oak_sapling":1,"minecraft:black_wool":2,"minecraft:coal":82},"minecraft:killed":{"mca:male_zombie_villager":1,"gamma_beasts:dogishi_spawn":1,"minecraft:spider":2,"gamma_beasts:radioactive_bear_sapwn":1,"minecraft:chicken":1,"gamma_beasts:dogishi_c":1,"minecraft:pig":9,"gamma_beasts:radioactive_bear_c":1,"minecraft:sheep":19,"minecraft:zombie":2,"minecraft:cow":2},"minecraft:mined":{"regions_unexplored:barley":1,"minecraft:jungle_leaves":6,"regions_unexplored:magnolia_log":12,"minecraft:grass_block":3,"minecraft:jungle_planks":5,"minecraft:jungle_log":32,"travelersbackpack:white_sleeping_bag":3,"minecraft:large_fern":1,"minecraft:iron_ore":77,"minecraft:andesite":953,"minecraft:pumpkin":17,"minecraft:vine":3,"regions_unexplored:medium_grass":2,"minecraft:bamboo_sapling":2,"minecraft:bamboo":7,"minecraft:stone":202,"regions_unexplored:redwood_log":34,"regions_unexplored:windswept_grass":2,"minecraft:podzol":3,"minecraft:brown_mushroom":8,"minecraft:jungle_door":9,"minecraft:hanging_roots":2,"minecraft:crafting_table":3,"minecraft:torch":24,"minecraft:melon":16,"minecraft:chest":1,"minecraft:cobblestone":15,"minecraft:copper_ore":9,"minecraft:tall_grass":3,"minecraft:oak_planks":7,"minecraft:sugar_cane":4,"minecraft:diorite":4,"minecraft:wall_torch":8,"regions_unexplored:redwood_leaves":15,"minecraft:grass":11,"minecraft:coal_ore":44,"minecraft:oak_log":17,"minecraft:gravel":71,"minecraft:sand":11,"minecraft:dirt":24,"minecraft:oak_leaves":6,"minecraft:fern":6},"minecraft:broken":{"minecraft:stone_pickaxe":9,"minecraft:wooden_axe":1},"minecraft:killed_by":{"minecraft:creeper":1,"cataclysm:deepling_brute":1},"minecraft:used":{"minecraft:stone_sword":1,"minecraft:chest":5,"minecraft:shield":1,"redeco:oak_table":1,"gamma_beasts:radioactive_bear_sapwn_spawn_egg":1,"minecraft:torch":62,"minecraft:dirt":3,"minecraft:jungle_planks":22,"regions_unexplored:prismarite_cluster":1,"gamma_beasts:dogishi_spawn_spawn_egg":1,"minecraft:wooden_axe":131,"minecraft:jungle_log":4,"minecraft:bamboo":3,"minecraft:furnace":1,"minecraft:cooked_mutton":2,"redeco:jungle_chair":1,"minecraft:diorite":1,"minecraft:stone_pickaxe":1278,"minecraft:oak_planks":7,"minecraft:wooden_pickaxe":49,"minecraft:jungle_boat":3,"minecraft:crafting_table":7,"regions_unexplored:magnolia_planks":8,"regions_unexplored:redwood_log":3,"redeco:spruce_display_case":1,"minecraft:melon_slice":64,"travelersbackpack:white_sleeping_bag":5,"minecraft:stone_axe":93,"minecraft:wooden_sword":2,"minecraft:cobblestone":30,"minecraft:porkchop":3,"minecraft:cooked_porkchop":7,"minecraft:jungle_door":9},"minecraft:crafted":{"minecraft:wooden_sword":1,"minecraft:oak_planks":64,"minecraft:furnace":1,"minecraft:cooked_mutton":19,"travelersbackpack:white_sleeping_bag":2,"minecraft:iron_boots":1,"minecraft:iron_axe":1,"minecraft:stone_pickaxe":10,"minecraft:chest":4,"regions_unexplored:magnolia_planks":44,"minecraft:cooked_porkchop":8,"minecraft:crafting_table":5,"minecraft:jungle_boat":1,"minecraft:wooden_pickaxe":1,"minecraft:iron_helmet":1,"minecraft:iron_sword":1,"minecraft:copper_ingot":12,"minecraft:stone_axe":1,"minecraft:air":0,"minecraft:jungle_planks":112,"regions_unexplored:redwood_planks":152,"minecraft:jungle_door":3,"minecraft:iron_chestplate":1,"minecraft:shield":1,"minecraft:stick":56,"minecraft:iron_ingot":55,"minecraft:iron_pickaxe":1,"minecraft:wooden_axe":3,"minecraft:stone_sword":1,"minecraft:iron_leggings":1,"minecraft:torch":72},"minecraft:dropped":{"minecraft:wheat_seeds":1,"minecraft:cooked_porkchop":1,"minecraft:diorite":1,"minecraft:wooden_axe":2,"minecraft:melon_slice":19,"regions_unexplored:barley":1,"minecraft:gravel":1,"travelersbackpack:white_sleeping_bag":1,"minecraft:bamboo":7,"minecraft:egg":1}},"DataVersion":3465}