{"stats":{"minecraft:mined":{"minecraft:dark_oak_leaves":1,"minecraft:birch_log":34,"minecraft:dark_oak_log":43,"minecraft:birch_leaves":6,"minecraft:pumpkin":5,"minecraft:crafting_table":2,"minecraft:grass":3,"minecraft:grass_block":3,"minecraft:coal_ore":8,"minecraft:stone":16,"minecraft:sugar_cane":10},"minecraft:killed":{"minecraft:zombie":2,"minecraft:pig":2,"minecraft:chicken":4,"minecraft:cow":4},"minecraft:broken":{"minecraft:wooden_axe":1},"minecraft:used":{"minecraft:wooden_axe":57,"minecraft:birch_planks":29,"minecraft:chicken":4,"minecraft:wooden_pickaxe":25,"minecraft:torch":2,"minecraft:wooden_sword":26,"minecraft:dirt":1,"minecraft:beef":6,"minecraft:crafting_table":2,"minecraft:porkchop":3,"minecraft:pumpkin":2},"minecraft:custom":{"minecraft:time_since_rest":3331,"minecraft:sprint_one_cm":175062,"minecraft:damage_taken":1715,"minecraft:walk_one_cm":122283,"minecraft:mob_kills":12,"minecraft:drop":6,"minecraft:damage_dealt":1533,"minecraft:interact_with_crafting_table":3,"minecraft:swim_one_cm":26771,"minecraft:fly_one_cm":273848,"minecraft:crouch_one_cm":163,"minecraft:play_time":52727,"minecraft:deaths":6,"minecraft:sneak_time":125,"minecraft:walk_under_water_one_cm":6743,"minecraft:jump":1030,"minecraft:time_since_death":3302,"minecraft:walk_on_water_one_cm":8541,"minecraft:total_world_time":52727,"minecraft:fall_one_cm":23602},"minecraft:killed_by":{"minecraft:skeleton":3,"minecraft:creeper":1,"minecraft:zombie":2},"minecraft:crafted":{"minecraft:wooden_sword":2,"minecraft:crafting_table":1,"minecraft:stick":52,"minecraft:wooden_pickaxe":2,"minecraft:wooden_axe":1,"minecraft:dark_oak_planks":172,"minecraft:torch":32,"minecraft:birch_planks":136},"minecraft:dropped":{"minecraft:wooden_sword":3,"minecraft:leather":1,"minecraft:wooden_pickaxe":2},"minecraft:picked_up":{"minecraft:wooden_axe":2,"minecraft:birch_log":34,"minecraft:crafting_table":5,"minecraft:feather":20,"minecraft:chicken":4,"minecraft:pumpkin":14,"minecraft:leather":10,"minecraft:red_mushroom":20,"minecraft:wooden_pickaxe":4,"minecraft:birch_planks":271,"minecraft:porkchop":3,"minecraft:gunpowder":2,"minecraft:dark_oak_log":86,"minecraft:dirt":4,"minecraft:dark_oak_planks":344,"minecraft:wooden_sword":5,"minecraft:rotten_flesh":1,"minecraft:wheat_seeds":4,"minecraft:beef":6,"minecraft:sugar_cane":96,"minecraft:coal":16,"minecraft:cobblestone":30,"minecraft:egg":3}},"DataVersion":3465}