{"stats":{"minecraft:custom":{"minecraft:interact_with_furnace":12,"minecraft:mob_kills":14,"minecraft:interact_with_crafting_table":12,"minecraft:leave_game":4,"minecraft:time_since_death":75402,"minecraft:climb_one_cm":12906,"minecraft:time_since_rest":75438,"minecraft:sprint_one_cm":147946,"minecraft:damage_taken":1045,"minecraft:walk_one_cm":214822,"minecraft:drop":19,"minecraft:damage_dealt":925,"minecraft:swim_one_cm":6902,"minecraft:fly_one_cm":376106,"minecraft:open_chest":4,"minecraft:crouch_one_cm":7910,"minecraft:play_time":119944,"minecraft:deaths":1,"minecraft:sneak_time":4051,"minecraft:walk_under_water_one_cm":1457,"minecraft:boat_one_cm":190465,"minecraft:jump":1379,"minecraft:walk_on_water_one_cm":6117,"minecraft:total_world_time":119944,"minecraft:fall_one_cm":20620},"minecraft:picked_up":{"minecraft:cocoa_beans":9,"minecraft:crafting_table":2,"minecraft:jungle_boat":4,"minecraft:feather":4,"minecraft:chicken":2,"minecraft:andesite":354,"minecraft:jungle_log":32,"minecraft:wooden_pickaxe":1,"minecraft:oak_log":16,"minecraft:dirt":23,"minecraft:raw_copper":24,"regions_unexplored:redwood_sapling":1,"redeco:spruce_display_case":1,"minecraft:jungle_sapling":4,"minecraft:bamboo":4,"minecraft:sugar_cane":10,"minecraft:melon_slice":122,"minecraft:oak_planks":71,"regions_unexplored:redwood_log":43,"minecraft:egg":1,"minecraft:stick":2,"minecraft:torch":1,"minecraft:jungle_planks":89,"minecraft:porkchop":18,"minecraft:sand":41,"minecraft:diorite":2,"minecraft:rotten_flesh":4,"gamma_beasts:coal_nugget":9,"minecraft:oak_sapling":1,"minecraft:coal":29,"minecraft:cobblestone":184},"minecraft:killed":{"minecraft:pig":9,"gamma_beasts:dogishi_spawn":1,"gamma_beasts:radioactive_bear_sapwn":1,"gamma_beasts:radioactive_bear_c":1,"minecraft:chicken":1,"gamma_beasts:dogishi_c":1},"minecraft:mined":{"minecraft:podzol":2,"minecraft:jungle_leaves":6,"minecraft:crafting_table":2,"minecraft:grass_block":2,"minecraft:melon":16,"minecraft:jungle_planks":5,"minecraft:jungle_log":32,"minecraft:copper_ore":8,"minecraft:cobblestone":1,"minecraft:sugar_cane":4,"minecraft:oak_planks":7,"minecraft:diorite":4,"minecraft:andesite":362,"regions_unexplored:redwood_leaves":15,"minecraft:grass":9,"minecraft:oak_log":17,"minecraft:coal_ore":29,"minecraft:vine":3,"minecraft:dirt":16,"minecraft:sand":11,"minecraft:stone":154,"regions_unexplored:redwood_log":33,"minecraft:oak_leaves":6,"minecraft:fern":4},"minecraft:killed_by":{"cataclysm:deepling_brute":1},"minecraft:broken":{"minecraft:stone_pickaxe":3,"minecraft:wooden_axe":1},"minecraft:used":{"redeco:jungle_chair":1,"minecraft:diorite":1,"minecraft:stone_pickaxe":515,"minecraft:oak_planks":7,"minecraft:chest":2,"minecraft:wooden_pickaxe":49,"redeco:oak_table":1,"minecraft:jungle_boat":3,"gamma_beasts:radioactive_bear_sapwn_spawn_egg":1,"minecraft:torch":8,"minecraft:dirt":3,"minecraft:crafting_table":3,"minecraft:jungle_planks":22,"regions_unexplored:prismarite_cluster":1,"gamma_beasts:dogishi_spawn_spawn_egg":1,"minecraft:wooden_axe":131,"regions_unexplored:redwood_log":3,"redeco:spruce_display_case":1,"minecraft:melon_slice":53,"minecraft:jungle_log":4,"minecraft:stone_axe":8,"minecraft:wooden_sword":2,"minecraft:cobblestone":16,"minecraft:porkchop":3},"minecraft:crafted":{"minecraft:wooden_sword":1,"minecraft:oak_planks":64,"minecraft:cooked_porkchop":8,"minecraft:crafting_table":2,"minecraft:jungle_boat":1,"minecraft:wooden_pickaxe":1,"minecraft:stone_axe":1,"minecraft:air":0,"minecraft:jungle_planks":112,"regions_unexplored:redwood_planks":148,"minecraft:stick":44,"minecraft:stone_pickaxe":4,"minecraft:wooden_axe":3,"minecraft:stone_sword":1,"minecraft:chest":2,"minecraft:torch":72},"minecraft:dropped":{"minecraft:melon_slice":19}},"DataVersion":3465}