{"stats":{"minecraft:picked_up":{"minecraft:cocoa_beans":9,"minecraft:feather":2,"minecraft:crafting_table":1,"minecraft:chicken":1,"minecraft:jungle_log":31,"minecraft:porkchop":10,"minecraft:sand":10,"minecraft:oak_log":16,"minecraft:rotten_flesh":2,"redeco:spruce_display_case":1,"minecraft:jungle_sapling":2,"minecraft:melon_slice":58,"minecraft:sugar_cane":5},"minecraft:custom":{"minecraft:time_since_rest":40392,"minecraft:sprint_one_cm":45996,"minecraft:damage_taken":350,"minecraft:walk_one_cm":34074,"minecraft:mob_kills":9,"minecraft:damage_dealt":440,"minecraft:swim_one_cm":5824,"minecraft:interact_with_crafting_table":2,"minecraft:fly_one_cm":312264,"minecraft:crouch_one_cm":94,"minecraft:play_time":40392,"minecraft:sneak_time":102,"minecraft:walk_under_water_one_cm":1250,"minecraft:jump":423,"minecraft:leave_game":2,"minecraft:walk_on_water_one_cm":2794,"minecraft:time_since_death":40392,"minecraft:climb_one_cm":3484,"minecraft:total_world_time":40392,"minecraft:fall_one_cm":9264},"minecraft:killed":{"gamma_beasts:radioactive_bear_c":1,"minecraft:pig":4,"gamma_beasts:dogishi_spawn":1,"minecraft:chicken":1,"gamma_beasts:radioactive_bear_sapwn":1,"gamma_beasts:dogishi_c":1},"minecraft:mined":{"minecraft:jungle_leaves":2,"minecraft:crafting_table":1,"minecraft:grass":9,"minecraft:oak_log":17,"minecraft:melon":12,"minecraft:vine":3,"minecraft:jungle_log":31,"minecraft:sand":10,"minecraft:sugar_cane":4,"minecraft:oak_leaves":2,"minecraft:fern":3},"minecraft:broken":{"minecraft:wooden_axe":1},"minecraft:used":{"gamma_beasts:dogishi_spawn_spawn_egg":1,"minecraft:wooden_axe":76,"redeco:jungle_chair":1,"redeco:spruce_display_case":1,"minecraft:melon_slice":14,"minecraft:jungle_log":4,"redeco:oak_table":1,"gamma_beasts:radioactive_bear_sapwn_spawn_egg":1,"minecraft:wooden_sword":2,"minecraft:crafting_table":2,"minecraft:porkchop":3,"regions_unexplored:prismarite_cluster":1},"minecraft:crafted":{"minecraft:wooden_sword":1,"minecraft:crafting_table":1,"minecraft:stick":8,"minecraft:wooden_pickaxe":1,"minecraft:wooden_axe":2,"minecraft:jungle_planks":108}},"DataVersion":3465}