{"stats":{"minecraft:mined":{"minecraft:grass_block":1,"minecraft:birch_leaves":1},"minecraft:used":{"minecraft:dirt":1},"minecraft:custom":{"minecraft:jump":261,"minecraft:time_since_rest":6951,"minecraft:damage_dealt":72,"minecraft:deaths":3,"minecraft:sprint_one_cm":33064,"minecraft:play_time":10727,"minecraft:damage_taken":945,"minecraft:time_since_death":6911,"minecraft:walk_one_cm":12068,"minecraft:sneak_time":10,"minecraft:total_world_time":10727,"minecraft:fall_one_cm":8563,"minecraft:fly_one_cm":132408},"minecraft:killed_by":{"minecraft:zombie":2,"minecraft:skeleton":1},"minecraft:picked_up":{"minecraft:dirt":1}},"DataVersion":3465}