{"stats":{"minecraft:mined":{"minecraft:dark_oak_planks":2,"minecraft:dark_oak_leaves":1,"minecraft:dark_oak_log":43,"minecraft:crafting_table":3,"minecraft:grass_block":3,"minecraft:copper_ore":20,"minecraft:sugar_cane":10,"minecraft:diorite":50,"minecraft:dark_oak_door":1,"minecraft:birch_log":34,"minecraft:andesite":7,"minecraft:birch_leaves":6,"minecraft:pumpkin":5,"minecraft:grass":3,"minecraft:coal_ore":8,"minecraft:stone":26},"minecraft:broken":{"minecraft:wooden_axe":1},"minecraft:killed":{"minecraft:pig":2,"minecraft:zombie":2,"minecraft:chicken":4,"minecraft:cow":4},"minecraft:used":{"minecraft:stone_sword":1,"minecraft:birch_planks":33,"minecraft:stone_pickaxe":87,"minecraft:chest":2,"minecraft:wooden_pickaxe":25,"minecraft:torch":8,"minecraft:dirt":1,"minecraft:crafting_table":5,"minecraft:dark_oak_door":2,"minecraft:wooden_axe":57,"minecraft:dark_oak_planks":21,"minecraft:chicken":4,"minecraft:wooden_sword":26,"minecraft:beef":6,"minecraft:porkchop":3,"minecraft:pumpkin":2},"minecraft:custom":{"minecraft:mob_kills":12,"minecraft:interact_with_crafting_table":6,"minecraft:time_since_death":15302,"minecraft:time_since_rest":15331,"minecraft:sprint_one_cm":179188,"minecraft:damage_taken":1725,"minecraft:walk_one_cm":155593,"minecraft:drop":10,"minecraft:damage_dealt":1593,"minecraft:swim_one_cm":26771,"minecraft:fly_one_cm":274832,"minecraft:player_kills":1,"minecraft:open_chest":2,"minecraft:crouch_one_cm":776,"minecraft:play_time":64727,"minecraft:deaths":6,"minecraft:sneak_time":375,"minecraft:walk_under_water_one_cm":6793,"minecraft:jump":1075,"minecraft:walk_on_water_one_cm":8565,"minecraft:total_world_time":64727,"minecraft:fall_one_cm":24982},"minecraft:killed_by":{"minecraft:skeleton":3,"minecraft:creeper":1,"minecraft:zombie":2},"minecraft:crafted":{"minecraft:wooden_sword":2,"minecraft:crafting_table":2,"minecraft:wooden_pickaxe":2,"minecraft:birch_planks":136,"minecraft:dark_oak_door":3,"minecraft:stick":52,"minecraft:stone_pickaxe":1,"minecraft:wooden_axe":1,"minecraft:stone_sword":1,"minecraft:chest":2,"minecraft:dark_oak_planks":172,"minecraft:torch":32},"minecraft:dropped":{"minecraft:cobblestone":25,"minecraft:leather":1,"minecraft:stick":34,"minecraft:wooden_sword":3,"minecraft:wooden_pickaxe":3},"minecraft:picked_up":{"minecraft:wooden_axe":2,"minecraft:birch_log":34,"minecraft:crafting_table":6,"minecraft:feather":20,"minecraft:chicken":4,"minecraft:andesite":11,"minecraft:leather":10,"minecraft:wooden_pickaxe":5,"minecraft:red_mushroom":20,"minecraft:birch_planks":271,"minecraft:gunpowder":2,"minecraft:dirt":4,"minecraft:raw_copper":67,"minecraft:wooden_sword":5,"minecraft:wheat_seeds":5,"minecraft:beef":10,"minecraft:sugar_cane":96,"minecraft:birch_sapling":2,"minecraft:egg":4,"minecraft:dark_oak_door":1,"minecraft:stick":18,"minecraft:pumpkin":14,"minecraft:porkchop":3,"minecraft:diorite":48,"minecraft:dark_oak_log":86,"minecraft:dark_oak_planks":346,"minecraft:rotten_flesh":1,"minecraft:coal":16,"minecraft:cobblestone":80}},"DataVersion":3465}