{"stats":{"minecraft:mined":{"minecraft:grass_block":1,"minecraft:birch_log":22,"minecraft:birch_leaves":4},"minecraft:killed":{"minecraft:chicken":1},"minecraft:used":{"minecraft:dirt":1},"minecraft:custom":{"minecraft:time_since_rest":18951,"minecraft:play_time":22727,"minecraft:sprint_one_cm":36507,"minecraft:walk_one_cm":31961,"minecraft:damage_taken":945,"minecraft:deaths":3,"minecraft:sneak_time":10,"minecraft:mob_kills":1,"minecraft:jump":391,"minecraft:damage_dealt":112,"minecraft:time_since_death":18911,"minecraft:total_world_time":22727,"minecraft:fall_one_cm":10088,"minecraft:fly_one_cm":176414},"minecraft:killed_by":{"minecraft:skeleton":1,"minecraft:zombie":2},"minecraft:crafted":{"minecraft:birch_planks":88},"minecraft:picked_up":{"minecraft:birch_log":22,"minecraft:feather":1,"minecraft:chicken":1,"minecraft:dirt":1,"minecraft:egg":1}},"DataVersion":3465}