{"stats":{"minecraft:custom":{"minecraft:mob_kills":14,"minecraft:animals_bred":2,"minecraft:interact_with_crafting_table":21,"minecraft:leave_game":2,"minecraft:time_since_death":167131,"minecraft:climb_one_cm":8802,"minecraft:sprint_one_cm":204178,"minecraft:walk_one_cm":240448,"minecraft:drop":4,"minecraft:play_time":187261,"minecraft:deaths":2,"minecraft:sneak_time":1035,"minecraft:walk_under_water_one_cm":3947,"minecraft:boat_one_cm":279882,"minecraft:jump":2012,"minecraft:walk_on_water_one_cm":5192,"minecraft:total_world_time":187261,"minecraft:interact_with_furnace":42,"minecraft:sleep_in_bed":1,"minecraft:time_since_rest":16223,"minecraft:damage_taken":1626,"minecraft:damage_dealt":1477,"minecraft:swim_one_cm":9075,"minecraft:fly_one_cm":184078,"minecraft:open_chest":35,"minecraft:crouch_one_cm":1425,"minecraft:fall_one_cm":44861},"minecraft:picked_up":{"minecraft:cocoa_beans":24,"minecraft:crafting_table":4,"minecraft:coarse_dirt":2,"minecraft:chicken":3,"regions_unexplored:magnolia_log":8,"minecraft:raw_copper":182,"minecraft:beef":5,"minecraft:calcite":1,"minecraft:jungle_sapling":2,"minecraft:poppy":2,"regions_unexplored:redwood_planks":3,"minecraft:melon_slice":21,"minecraft:chest":1,"minecraft:egg":1,"regions_unexplored:redwood_log":50,"minecraft:furnace":1,"minecraft:stick":11,"minecraft:raw_iron":60,"minecraft:torch":62,"minecraft:porkchop":10,"regions_unexplored:pink_magnolia_shrub":1,"minecraft:diorite":17,"regions_unexplored:daisy":1,"minecraft:rotten_flesh":4,"minecraft:jungle_stairs":1,"regions_unexplored:mauve_log":1,"gamma_beasts:coal_nugget":45,"minecraft:mutton":3,"minecraft:white_wool":1,"minecraft:cobblestone":445,"minecraft:feather":3,"minecraft:jungle_log":5,"minecraft:andesite":887,"regions_unexplored:cherry_shrub":1,"minecraft:leather":2,"minecraft:flint":12,"minecraft:oak_log":17,"minecraft:dirt":47,"minecraft:wheat_seeds":9,"minecraft:stone_pickaxe":1,"minecraft:bamboo":249,"minecraft:oak_planks":57,"regions_unexplored:bamboo_log":5,"minecraft:cooked_porkchop":1,"minecraft:dandelion":2,"regions_unexplored:oak_shrub":1,"minecraft:gravel":174,"minecraft:sand":1,"minecraft:jungle_planks":1,"minecraft:mossy_cobblestone":6,"travelersbackpack:white_sleeping_bag":3,"regions_unexplored:hyssop":3,"regions_unexplored:redwood_shrub":3,"minecraft:granite":8,"minecraft:oak_sapling":6,"minecraft:black_wool":1,"minecraft:coal":154},"minecraft:killed":{"minecraft:spider":2,"minecraft:chicken":3,"minecraft:pig":5,"minecraft:sheep":2,"minecraft:cow":2},"minecraft:mined":{"minecraft:mossy_cobblestone":6,"minecraft:jungle_leaves":46,"regions_unexplored:magnolia_log":10,"regions_unexplored:pink_magnolia_shrub":1,"minecraft:granite":10,"minecraft:grass_block":9,"minecraft:jungle_planks":2,"minecraft:jungle_log":3,"travelersbackpack:white_sleeping_bag":3,"minecraft:large_fern":2,"minecraft:furnace":1,"minecraft:iron_ore":64,"minecraft:andesite":916,"regions_unexplored:redwood_planks":3,"minecraft:vine":1,"regions_unexplored:medium_grass":28,"minecraft:bamboo":19,"minecraft:stone":507,"regions_unexplored:redwood_log":61,"minecraft:podzol":10,"regions_unexplored:redwood_shrub":3,"minecraft:hanging_roots":3,"regions_unexplored:white_magnolia_leaves":4,"minecraft:dandelion":2,"minecraft:crafting_table":3,"minecraft:torch":39,"minecraft:jungle_stairs":1,"minecraft:calcite":1,"minecraft:poppy":2,"minecraft:melon":2,"minecraft:chest":1,"minecraft:copper_ore":64,"minecraft:tall_grass":1,"regions_unexplored:mauve_log":1,"regions_unexplored:daisy":1,"regions_unexplored:bamboo_log":5,"minecraft:diorite":16,"minecraft:wall_torch":16,"regions_unexplored:hyssop":5,"minecraft:coarse_dirt":2,"minecraft:grass":56,"minecraft:oak_log":17,"regions_unexplored:cherry_shrub":1,"regions_unexplored:oak_shrub":1,"minecraft:coal_ore":153,"minecraft:cocoa":4,"minecraft:sand":1,"minecraft:gravel":89,"minecraft:dirt":35,"minecraft:oak_leaves":64,"minecraft:fern":33,"regions_unexplored:fireweed":2},"minecraft:killed_by":{"cataclysm:deepling_brute":1},"minecraft:broken":{"minecraft:wooden_pickaxe":1,"minecraft:stone_pickaxe":12,"minecraft:wooden_axe":1},"minecraft:used":{"minecraft:chest":1,"minecraft:torch":81,"minecraft:dirt":23,"minecraft:mutton":3,"minecraft:wooden_axe":63,"minecraft:beef":5,"minecraft:furnace":4,"minecraft:diorite":16,"minecraft:stone_pickaxe":1697,"minecraft:wooden_pickaxe":59,"minecraft:mossy_cobblestone":6,"regions_unexplored:redwood_planks":6,"minecraft:crafting_table":4,"regions_unexplored:redwood_door":2,"regions_unexplored:redwood_log":1,"minecraft:melon_slice":21,"travelersbackpack:white_sleeping_bag":2,"minecraft:jungle_stairs":5,"minecraft:gravel":8,"minecraft:stone_axe":146,"minecraft:cobblestone":10,"minecraft:cooked_porkchop":11,"minecraft:oak_boat":1,"minecraft:coarse_dirt":2},"minecraft:crafted":{"minecraft:smooth_stone":3,"minecraft:oak_planks":68,"minecraft:furnace":4,"minecraft:stone":3,"minecraft:stone_pickaxe":13,"minecraft:jungle_stairs":4,"minecraft:cooked_porkchop":10,"minecraft:crafting_table":2,"minecraft:wooden_pickaxe":1,"minecraft:copper_ingot":60,"minecraft:stone_axe":1,"minecraft:air":0,"minecraft:jungle_planks":8,"regions_unexplored:redwood_planks":176,"minecraft:oak_boat":1,"minecraft:charcoal":1,"minecraft:stick":72,"minecraft:iron_ingot":2,"regions_unexplored:redwood_door":3,"minecraft:wooden_axe":1,"minecraft:torch":176},"minecraft:dropped":{"minecraft:torch":64,"regions_unexplored:redwood_planks":2,"minecraft:stone_pickaxe":1}},"DataVersion":3465}