{"stats":{"minecraft:mined":{"create:zinc_ore":4,"minecraft:dark_oak_planks":12,"minecraft:kelp_plant":2,"travelersbackpack:standard":4,"minecraft:oak_fence":11,"minecraft:torch":2,"minecraft:crafting_table":4,"minecraft:glow_lichen":1,"minecraft:grass_block":8,"minecraft:chest":2,"minecraft:mushroom_stem":4,"minecraft:cobblestone":2,"travelersbackpack:white_sleeping_bag":1,"minecraft:copper_ore":6,"minecraft:sugar_cane":7,"minecraft:oak_planks":37,"minecraft:kelp":3,"minecraft:diorite":16,"minecraft:wall_torch":1,"minecraft:birch_planks":6,"minecraft:furnace":6,"minecraft:dark_oak_door":1,"minecraft:birch_log":23,"minecraft:iron_ore":21,"minecraft:birch_leaves":2,"minecraft:andesite":26,"minecraft:pumpkin":3,"minecraft:grass":44,"minecraft:coal_ore":62,"minecraft:rail":10,"minecraft:sand":25,"minecraft:dirt":2,"minecraft:cobweb":12,"minecraft:red_mushroom_block":15,"minecraft:stone":161,"minecraft:gold_ore":6,"minecraft:oak_leaves":10},"minecraft:broken":{"minecraft:stone_axe":1,"minecraft:wooden_pickaxe":2},"minecraft:killed":{"minecraft:cave_spider":1,"minecraft:pig":7,"minecraft:sheep":1,"minecraft:zombie":2,"minecraft:cow":6},"minecraft:used":{"minecraft:cooked_mutton":1,"minecraft:diorite":1,"minecraft:stone_sword":49,"minecraft:birch_planks":14,"minecraft:stone_pickaxe":140,"minecraft:wooden_pickaxe":151,"minecraft:shield":3,"minecraft:iron_sword":11,"minecraft:torch":6,"minecraft:dirt":32,"minecraft:sand":1,"minecraft:crafting_table":1,"minecraft:dark_oak_planks":2,"minecraft:iron_pickaxe":81,"travelersbackpack:white_sleeping_bag":1,"minecraft:stone_axe":103,"minecraft:cobblestone":25,"minecraft:beef":4,"travelersbackpack:standard":3,"minecraft:cooked_porkchop":2,"minecraft:furnace":2,"minecraft:porkchop":3,"minecraft:andesite":12,"minecraft:iron_leggings":2},"minecraft:custom":{"minecraft:interact_with_furnace":17,"minecraft:mob_kills":18,"minecraft:interact_with_crafting_table":15,"minecraft:time_since_death":8568,"minecraft:sleep_in_bed":1,"minecraft:time_since_rest":8596,"minecraft:sprint_one_cm":239908,"minecraft:damage_taken":3380,"minecraft:walk_one_cm":198928,"minecraft:damage_blocked_by_shield":480,"minecraft:damage_dealt":2400,"minecraft:swim_one_cm":68793,"minecraft:fly_one_cm":289840,"minecraft:open_chest":10,"minecraft:crouch_one_cm":129,"minecraft:play_time":113389,"minecraft:deaths":11,"minecraft:sneak_time":119,"minecraft:walk_under_water_one_cm":10696,"minecraft:boat_one_cm":89992,"minecraft:jump":1712,"minecraft:walk_on_water_one_cm":40885,"minecraft:total_world_time":113389,"minecraft:fall_one_cm":43057},"minecraft:killed_by":{"minecraft:zombie_villager":1,"minecraft:player":1,"minecraft:skeleton":4,"minecraft:zombie":3},"minecraft:crafted":{"minecraft:cooked_porkchop":9,"minecraft:crafting_table":1,"travelersbackpack:standard":1,"travelersbackpack:backpack_tank":2,"minecraft:wooden_pickaxe":1,"minecraft:birch_planks":92,"minecraft:stone_axe":1,"minecraft:air":0,"minecraft:glass":12,"travelersbackpack:white_sleeping_bag":1,"minecraft:white_wool":3,"minecraft:iron_boots":1,"minecraft:shield":1,"minecraft:stick":16,"minecraft:iron_ingot":20,"minecraft:iron_pickaxe":1,"minecraft:stone_pickaxe":1,"minecraft:stone_sword":1,"minecraft:chest":1,"minecraft:gold_ingot":6,"minecraft:iron_leggings":1,"minecraft:torch":28,"create:zinc_ingot":2},"minecraft:picked_up":{"minecraft:birch_log":35,"minecraft:iron_chestplate":1,"minecraft:crafting_table":4,"minecraft:feather":5,"minecraft:chicken":2,"minecraft:salmon":3,"minecraft:andesite":51,"minecraft:leather":15,"minecraft:red_mushroom":20,"minecraft:wooden_pickaxe":5,"minecraft:birch_planks":201,"minecraft:flint":2,"minecraft:tuff":5,"create:raw_zinc":3,"minecraft:shield":4,"minecraft:gunpowder":1,"minecraft:dirt":37,"minecraft:string":36,"minecraft:raw_copper":179,"minecraft:wooden_sword":2,"minecraft:iron_leggings":4,"minecraft:cooked_mutton":3,"minecraft:glass":12,"minecraft:kelp":1,"minecraft:wheat_seeds":9,"minecraft:cobbled_deepslate":253,"minecraft:raw_gold":6,"minecraft:iron_ingot":1,"minecraft:beef":25,"minecraft:stone_pickaxe":5,"minecraft:redstone_torch":1,"minecraft:iron_pickaxe":5,"minecraft:iron_sword":1,"minecraft:sugar_cane":78,"minecraft:chest":2,"minecraft:birch_sapling":8,"minecraft:oak_planks":66,"minecraft:iron_boots":2,"minecraft:furnace":6,"minecraft:egg":2,"minecraft:dark_oak_door":6,"minecraft:stick":56,"minecraft:raw_iron":27,"minecraft:birch_boat":1,"minecraft:cooked_porkchop":14,"minecraft:pumpkin":9,"minecraft:bowl":4,"minecraft:copper_ingot":9,"minecraft:oak_fence":22,"minecraft:torch":80,"minecraft:gravel":17,"minecraft:porkchop":12,"minecraft:sand":25,"minecraft:diorite":145,"minecraft:redstone":24,"travelersbackpack:standard":4,"create:zinc_ingot":2,"travelersbackpack:white_sleeping_bag":1,"minecraft:dark_oak_planks":122,"minecraft:stone_sword":4,"minecraft:rotten_flesh":8,"minecraft:stone_axe":2,"minecraft:oak_sapling":2,"minecraft:mutton":2,"minecraft:coal":130,"minecraft:white_wool":7,"minecraft:rail":22,"minecraft:cobblestone":444}},"DataVersion":3465}