{"stats":{"minecraft:picked_up":{"minecraft:cocoa_beans":12,"minecraft:stick":2,"minecraft:jungle_log":1,"minecraft:oak_log":17,"minecraft:jungle_sapling":1,"minecraft:bamboo":34,"minecraft:oak_sapling":3,"minecraft:melon_slice":7},"minecraft:custom":{"minecraft:time_since_rest":13261,"minecraft:play_time":13261,"minecraft:sprint_one_cm":7449,"minecraft:damage_taken":140,"minecraft:walk_one_cm":17458,"minecraft:jump":121,"minecraft:damage_dealt":25,"minecraft:leave_game":2,"minecraft:time_since_death":13261,"minecraft:walk_on_water_one_cm":931,"minecraft:total_world_time":13261,"minecraft:climb_one_cm":5059,"minecraft:fly_one_cm":11165,"minecraft:fall_one_cm":3283},"minecraft:mined":{"minecraft:grass":2,"minecraft:grass_block":2,"minecraft:oak_log":17,"minecraft:melon":2,"minecraft:cocoa":4,"minecraft:vine":1,"minecraft:jungle_log":1,"minecraft:bamboo":1,"minecraft:jungle_leaves":10,"minecraft:oak_leaves":10,"minecraft:fern":3},"minecraft:used":{"minecraft:melon_slice":6},"minecraft:crafted":{"minecraft:oak_planks":68,"minecraft:crafting_table":1,"minecraft:stick":4}},"DataVersion":3465}