{"stats":{"minecraft:custom":{"minecraft:interact_with_furnace":41,"minecraft:mob_kills":14,"minecraft:animals_bred":2,"minecraft:interact_with_crafting_table":20,"minecraft:sleep_in_bed":1,"minecraft:leave_game":2,"minecraft:time_since_death":155131,"minecraft:climb_one_cm":8802,"minecraft:time_since_rest":4223,"minecraft:sprint_one_cm":195273,"minecraft:damage_taken":1606,"minecraft:walk_one_cm":222296,"minecraft:drop":4,"minecraft:damage_dealt":1467,"minecraft:swim_one_cm":8273,"minecraft:fly_one_cm":174493,"minecraft:open_chest":35,"minecraft:crouch_one_cm":1425,"minecraft:play_time":175261,"minecraft:deaths":2,"minecraft:sneak_time":1004,"minecraft:walk_under_water_one_cm":1934,"minecraft:boat_one_cm":279882,"minecraft:jump":1827,"minecraft:walk_on_water_one_cm":4049,"minecraft:total_world_time":175261,"minecraft:fall_one_cm":39951},"minecraft:picked_up":{"minecraft:coarse_dirt":2,"minecraft:cocoa_beans":24,"minecraft:crafting_table":4,"minecraft:feather":3,"minecraft:chicken":3,"regions_unexplored:magnolia_log":8,"minecraft:andesite":887,"minecraft:jungle_log":5,"regions_unexplored:cherry_shrub":1,"minecraft:leather":2,"minecraft:flint":12,"minecraft:oak_log":17,"minecraft:dirt":47,"minecraft:raw_copper":182,"minecraft:wheat_seeds":9,"minecraft:beef":5,"minecraft:stone_pickaxe":1,"minecraft:jungle_sapling":2,"minecraft:poppy":2,"minecraft:bamboo":242,"regions_unexplored:redwood_planks":3,"minecraft:melon_slice":21,"minecraft:chest":1,"regions_unexplored:bamboo_log":5,"minecraft:oak_planks":57,"minecraft:furnace":1,"regions_unexplored:redwood_log":50,"minecraft:egg":1,"minecraft:stick":11,"minecraft:raw_iron":13,"minecraft:torch":58,"minecraft:dandelion":2,"regions_unexplored:oak_shrub":1,"minecraft:gravel":158,"minecraft:jungle_planks":1,"minecraft:porkchop":10,"minecraft:sand":1,"regions_unexplored:pink_magnolia_shrub":1,"minecraft:diorite":17,"regions_unexplored:daisy":1,"minecraft:mossy_cobblestone":6,"travelersbackpack:white_sleeping_bag":3,"regions_unexplored:hyssop":3,"minecraft:rotten_flesh":4,"regions_unexplored:mauve_log":1,"minecraft:jungle_stairs":1,"minecraft:granite":8,"regions_unexplored:redwood_shrub":3,"gamma_beasts:coal_nugget":42,"minecraft:oak_sapling":6,"minecraft:black_wool":1,"minecraft:mutton":3,"minecraft:coal":141,"minecraft:white_wool":1,"minecraft:cobblestone":398},"minecraft:killed":{"minecraft:pig":5,"minecraft:spider":2,"minecraft:sheep":2,"minecraft:chicken":3,"minecraft:cow":2},"minecraft:mined":{"minecraft:podzol":10,"regions_unexplored:redwood_shrub":3,"minecraft:hanging_roots":3,"minecraft:mossy_cobblestone":6,"regions_unexplored:white_magnolia_leaves":4,"regions_unexplored:magnolia_log":10,"minecraft:jungle_leaves":46,"minecraft:dandelion":2,"minecraft:crafting_table":3,"regions_unexplored:pink_magnolia_shrub":1,"minecraft:torch":35,"minecraft:granite":10,"minecraft:jungle_stairs":1,"minecraft:jungle_planks":2,"minecraft:grass_block":9,"minecraft:poppy":2,"minecraft:melon":2,"minecraft:chest":1,"minecraft:jungle_log":3,"travelersbackpack:white_sleeping_bag":3,"minecraft:tall_grass":1,"minecraft:copper_ore":64,"regions_unexplored:mauve_log":1,"regions_unexplored:daisy":1,"regions_unexplored:bamboo_log":5,"minecraft:diorite":16,"minecraft:wall_torch":16,"minecraft:large_fern":2,"regions_unexplored:hyssop":5,"minecraft:coarse_dirt":2,"minecraft:furnace":1,"minecraft:iron_ore":14,"minecraft:andesite":916,"regions_unexplored:redwood_planks":3,"minecraft:grass":56,"regions_unexplored:cherry_shrub":1,"regions_unexplored:oak_shrub":1,"minecraft:coal_ore":140,"minecraft:oak_log":17,"minecraft:vine":1,"minecraft:cocoa":4,"minecraft:gravel":77,"minecraft:sand":1,"minecraft:dirt":35,"regions_unexplored:medium_grass":28,"minecraft:bamboo":19,"minecraft:stone":459,"regions_unexplored:redwood_log":61,"regions_unexplored:fireweed":2,"minecraft:oak_leaves":64,"minecraft:fern":33},"minecraft:killed_by":{"cataclysm:deepling_brute":1},"minecraft:broken":{"minecraft:stone_pickaxe":12,"minecraft:wooden_axe":1,"minecraft:wooden_pickaxe":1},"minecraft:used":{"minecraft:diorite":16,"minecraft:stone_pickaxe":1584,"minecraft:chest":1,"minecraft:wooden_pickaxe":59,"minecraft:torch":76,"minecraft:mossy_cobblestone":6,"minecraft:mutton":3,"minecraft:dirt":22,"regions_unexplored:redwood_planks":6,"minecraft:crafting_table":4,"regions_unexplored:redwood_door":2,"minecraft:wooden_axe":63,"regions_unexplored:redwood_log":1,"minecraft:melon_slice":21,"travelersbackpack:white_sleeping_bag":2,"minecraft:jungle_stairs":5,"minecraft:gravel":8,"minecraft:beef":2,"minecraft:stone_axe":146,"minecraft:cobblestone":10,"minecraft:furnace":3,"minecraft:cooked_porkchop":10,"minecraft:oak_boat":1,"minecraft:coarse_dirt":2},"minecraft:crafted":{"minecraft:smooth_stone":3,"minecraft:oak_planks":68,"minecraft:cooked_porkchop":10,"minecraft:crafting_table":2,"minecraft:wooden_pickaxe":1,"minecraft:furnace":3,"minecraft:copper_ingot":60,"minecraft:stone":3,"minecraft:stone_axe":1,"minecraft:air":0,"minecraft:jungle_planks":8,"minecraft:oak_boat":1,"regions_unexplored:redwood_planks":176,"minecraft:charcoal":1,"minecraft:stick":72,"minecraft:iron_ingot":2,"minecraft:stone_pickaxe":13,"regions_unexplored:redwood_door":3,"minecraft:wooden_axe":1,"minecraft:jungle_stairs":4,"minecraft:torch":176},"minecraft:dropped":{"regions_unexplored:redwood_planks":2,"minecraft:torch":64,"minecraft:stone_pickaxe":1}},"DataVersion":3465}