{"stats":{"minecraft:custom":{"minecraft:interact_with_furnace":3,"minecraft:mob_kills":5,"minecraft:interact_with_crafting_table":7,"minecraft:leave_game":2,"minecraft:time_since_death":41131,"minecraft:climb_one_cm":8802,"minecraft:time_since_rest":41184,"minecraft:sprint_one_cm":42561,"minecraft:damage_taken":975,"minecraft:walk_one_cm":80258,"minecraft:damage_dealt":644,"minecraft:swim_one_cm":8273,"minecraft:fly_one_cm":51328,"minecraft:crouch_one_cm":493,"minecraft:play_time":61261,"minecraft:deaths":2,"minecraft:sneak_time":409,"minecraft:walk_under_water_one_cm":1934,"minecraft:boat_one_cm":279882,"minecraft:jump":598,"minecraft:walk_on_water_one_cm":4049,"minecraft:total_world_time":61261,"minecraft:fall_one_cm":17727},"minecraft:picked_up":{"minecraft:cocoa_beans":24,"minecraft:crafting_table":2,"minecraft:jungle_log":5,"minecraft:oak_log":17,"minecraft:dirt":25,"minecraft:wheat_seeds":4,"minecraft:jungle_sapling":2,"minecraft:poppy":2,"minecraft:bamboo":78,"minecraft:melon_slice":21,"minecraft:oak_planks":57,"regions_unexplored:redwood_log":46,"minecraft:stick":11,"minecraft:dandelion":2,"minecraft:jungle_planks":1,"minecraft:porkchop":10,"minecraft:sand":1,"minecraft:mossy_cobblestone":6,"minecraft:rotten_flesh":2,"minecraft:jungle_stairs":1,"regions_unexplored:redwood_shrub":3,"minecraft:oak_sapling":6,"minecraft:cobblestone":72},"minecraft:killed":{"minecraft:pig":5},"minecraft:mined":{"minecraft:podzol":6,"regions_unexplored:redwood_shrub":3,"minecraft:mossy_cobblestone":6,"minecraft:jungle_leaves":46,"minecraft:dandelion":2,"minecraft:crafting_table":1,"minecraft:jungle_stairs":1,"minecraft:jungle_planks":2,"minecraft:grass_block":6,"minecraft:poppy":2,"minecraft:melon":2,"minecraft:jungle_log":3,"minecraft:large_fern":1,"minecraft:grass":38,"minecraft:oak_log":17,"minecraft:vine":1,"minecraft:cocoa":4,"minecraft:sand":1,"minecraft:dirt":17,"regions_unexplored:medium_grass":6,"minecraft:bamboo":2,"minecraft:stone":91,"regions_unexplored:redwood_log":57,"minecraft:oak_leaves":64,"minecraft:fern":28},"minecraft:broken":{"minecraft:wooden_axe":1},"minecraft:killed_by":{"cataclysm:deepling_brute":1},"minecraft:used":{"minecraft:stone_pickaxe":75,"minecraft:wooden_pickaxe":32,"minecraft:torch":4,"minecraft:mossy_cobblestone":6,"minecraft:dirt":10,"minecraft:crafting_table":2,"regions_unexplored:redwood_door":2,"minecraft:wooden_axe":63,"regions_unexplored:redwood_log":1,"minecraft:melon_slice":21,"minecraft:jungle_stairs":5,"minecraft:stone_axe":13,"minecraft:furnace":1,"minecraft:oak_boat":1},"minecraft:crafted":{"minecraft:oak_planks":68,"minecraft:crafting_table":1,"minecraft:wooden_pickaxe":1,"minecraft:furnace":1,"minecraft:stone_axe":1,"minecraft:jungle_planks":8,"minecraft:oak_boat":1,"regions_unexplored:redwood_planks":176,"minecraft:charcoal":1,"minecraft:stick":8,"minecraft:stone_pickaxe":1,"regions_unexplored:redwood_door":3,"minecraft:wooden_axe":1,"minecraft:jungle_stairs":4,"minecraft:torch":4}},"DataVersion":3465}