{"stats":{"minecraft:mined":{"minecraft:dark_oak_planks":2,"minecraft:iron_ore":17,"minecraft:birch_log":23,"minecraft:andesite":20,"minecraft:birch_leaves":2,"minecraft:pumpkin":3,"minecraft:crafting_table":1,"minecraft:glow_lichen":1,"minecraft:torch":2,"minecraft:grass":4,"minecraft:grass_block":2,"minecraft:coal_ore":49,"minecraft:rail":2,"minecraft:sand":1,"minecraft:mushroom_stem":4,"minecraft:red_mushroom_block":15,"minecraft:stone":87,"minecraft:oak_planks":5,"minecraft:sugar_cane":7,"minecraft:diorite":7},"minecraft:broken":{"minecraft:wooden_pickaxe":1},"minecraft:killed":{"minecraft:cave_spider":1,"minecraft:cow":1},"minecraft:used":{"minecraft:dark_oak_planks":2,"minecraft:diorite":1,"minecraft:birch_planks":14,"minecraft:stone_pickaxe":82,"minecraft:shield":1,"minecraft:wooden_pickaxe":106,"minecraft:stone_axe":7,"minecraft:torch":4,"minecraft:dirt":2,"minecraft:sand":1,"minecraft:beef":2,"minecraft:crafting_table":1,"minecraft:andesite":12},"minecraft:custom":{"minecraft:time_since_rest":4381,"minecraft:interact_with_furnace":3,"minecraft:sprint_one_cm":98886,"minecraft:damage_taken":2195,"minecraft:walk_one_cm":78476,"minecraft:damage_blocked_by_shield":45,"minecraft:mob_kills":2,"minecraft:damage_dealt":544,"minecraft:swim_one_cm":60089,"minecraft:interact_with_crafting_table":5,"minecraft:fly_one_cm":163623,"minecraft:play_time":53389,"minecraft:deaths":7,"minecraft:walk_under_water_one_cm":9054,"minecraft:jump":803,"minecraft:walk_on_water_one_cm":22373,"minecraft:time_since_death":4290,"minecraft:total_world_time":53389,"minecraft:fall_one_cm":27259},"minecraft:killed_by":{"minecraft:zombie_villager":1,"minecraft:player":1,"minecraft:skeleton":4},"minecraft:crafted":{"minecraft:shield":1,"minecraft:crafting_table":1,"minecraft:iron_ingot":1,"minecraft:stone_pickaxe":1,"minecraft:wooden_pickaxe":1,"minecraft:torch":28,"minecraft:birch_planks":92,"minecraft:stone_axe":1},"minecraft:picked_up":{"minecraft:birch_log":35,"minecraft:raw_iron":17,"minecraft:stick":23,"minecraft:crafting_table":1,"minecraft:pumpkin":3,"minecraft:andesite":18,"minecraft:leather":4,"minecraft:torch":2,"minecraft:wooden_pickaxe":3,"minecraft:red_mushroom":10,"minecraft:birch_planks":131,"minecraft:sand":1,"minecraft:diorite":6,"minecraft:string":2,"minecraft:dirt":3,"minecraft:dark_oak_planks":2,"minecraft:wooden_sword":1,"minecraft:stone_sword":1,"minecraft:wheat_seeds":2,"minecraft:beef":12,"minecraft:oak_planks":4,"minecraft:sugar_cane":18,"minecraft:birch_sapling":6,"minecraft:coal":78,"minecraft:rail":2,"minecraft:cobblestone":104,"minecraft:egg":1}},"DataVersion":3465}