{"stats":{"minecraft:mined":{"create:zinc_ore":2,"minecraft:dark_oak_planks":2,"minecraft:oak_fence":11,"minecraft:torch":2,"minecraft:crafting_table":1,"minecraft:glow_lichen":1,"minecraft:grass_block":8,"minecraft:mushroom_stem":4,"minecraft:copper_ore":2,"minecraft:sugar_cane":7,"minecraft:oak_planks":37,"minecraft:diorite":15,"minecraft:furnace":2,"minecraft:birch_log":23,"minecraft:iron_ore":21,"minecraft:birch_leaves":2,"minecraft:andesite":25,"minecraft:pumpkin":3,"minecraft:grass":34,"minecraft:coal_ore":49,"minecraft:rail":10,"minecraft:sand":1,"minecraft:dirt":2,"minecraft:cobweb":12,"minecraft:red_mushroom_block":15,"minecraft:stone":130,"minecraft:oak_leaves":3},"minecraft:broken":{"minecraft:wooden_pickaxe":1},"minecraft:killed":{"minecraft:cave_spider":1,"minecraft:pig":4,"minecraft:sheep":1,"minecraft:cow":1},"minecraft:used":{"minecraft:diorite":1,"minecraft:stone_sword":17,"minecraft:birch_planks":14,"minecraft:stone_pickaxe":126,"minecraft:wooden_pickaxe":148,"minecraft:shield":2,"minecraft:torch":4,"minecraft:dirt":21,"minecraft:sand":1,"minecraft:crafting_table":1,"minecraft:dark_oak_planks":2,"minecraft:iron_pickaxe":19,"minecraft:stone_axe":68,"minecraft:cobblestone":7,"minecraft:beef":4,"minecraft:furnace":2,"minecraft:andesite":12},"minecraft:custom":{"minecraft:interact_with_furnace":9,"minecraft:mob_kills":7,"minecraft:interact_with_crafting_table":8,"minecraft:time_since_death":8118,"minecraft:time_since_rest":8191,"minecraft:sprint_one_cm":157139,"minecraft:damage_taken":2275,"minecraft:walk_one_cm":144065,"minecraft:damage_blocked_by_shield":315,"minecraft:damage_dealt":1039,"minecraft:swim_one_cm":60089,"minecraft:fly_one_cm":213300,"minecraft:open_chest":3,"minecraft:play_time":77389,"minecraft:deaths":8,"minecraft:sneak_time":56,"minecraft:walk_under_water_one_cm":9054,"minecraft:jump":1117,"minecraft:walk_on_water_one_cm":23002,"minecraft:total_world_time":77389,"minecraft:fall_one_cm":32213},"minecraft:killed_by":{"minecraft:zombie_villager":1,"minecraft:player":1,"minecraft:skeleton":4},"minecraft:crafted":{"minecraft:crafting_table":1,"minecraft:wooden_pickaxe":1,"minecraft:birch_planks":92,"minecraft:stone_axe":1,"minecraft:iron_boots":1,"minecraft:shield":1,"minecraft:stick":16,"minecraft:iron_ingot":20,"minecraft:iron_pickaxe":1,"minecraft:stone_pickaxe":1,"minecraft:stone_sword":1,"minecraft:iron_leggings":1,"minecraft:torch":28,"create:zinc_ingot":2},"minecraft:picked_up":{"minecraft:birch_log":35,"minecraft:crafting_table":1,"minecraft:andesite":32,"minecraft:leather":6,"minecraft:red_mushroom":10,"minecraft:wooden_pickaxe":5,"minecraft:birch_planks":131,"create:raw_zinc":2,"minecraft:shield":2,"minecraft:dirt":36,"minecraft:string":30,"minecraft:raw_copper":9,"minecraft:wooden_sword":1,"minecraft:iron_leggings":1,"minecraft:wheat_seeds":8,"minecraft:beef":14,"minecraft:stone_pickaxe":2,"minecraft:iron_pickaxe":1,"minecraft:sugar_cane":18,"minecraft:birch_sapling":6,"minecraft:oak_planks":50,"minecraft:iron_boots":1,"minecraft:furnace":2,"minecraft:egg":1,"minecraft:stick":36,"minecraft:raw_iron":27,"minecraft:pumpkin":3,"minecraft:oak_fence":22,"minecraft:torch":54,"minecraft:porkchop":7,"minecraft:sand":1,"minecraft:diorite":32,"minecraft:dark_oak_planks":2,"minecraft:stone_sword":2,"minecraft:stone_axe":2,"minecraft:mutton":2,"minecraft:coal":93,"minecraft:white_wool":1,"minecraft:rail":22,"minecraft:cobblestone":278}},"DataVersion":3465}