{"stats":{"minecraft:picked_up":{"minecraft:cocoa_beans":24,"minecraft:stick":11,"minecraft:crafting_table":2,"minecraft:jungle_log":5,"minecraft:dandelion":2,"minecraft:porkchop":10,"minecraft:sand":1,"minecraft:oak_log":17,"minecraft:dirt":8,"minecraft:rotten_flesh":2,"minecraft:wheat_seeds":3,"regions_unexplored:redwood_shrub":3,"minecraft:jungle_sapling":2,"minecraft:poppy":2,"minecraft:bamboo":78,"minecraft:oak_sapling":6,"minecraft:melon_slice":21,"minecraft:oak_planks":57,"regions_unexplored:redwood_log":40},"minecraft:custom":{"minecraft:time_since_rest":29184,"minecraft:sprint_one_cm":37895,"minecraft:damage_taken":975,"minecraft:walk_one_cm":59417,"minecraft:mob_kills":5,"minecraft:damage_dealt":644,"minecraft:swim_one_cm":8273,"minecraft:interact_with_crafting_table":3,"minecraft:fly_one_cm":51105,"minecraft:play_time":49261,"minecraft:deaths":2,"minecraft:sneak_time":24,"minecraft:walk_under_water_one_cm":1934,"minecraft:boat_one_cm":279882,"minecraft:jump":534,"minecraft:leave_game":2,"minecraft:walk_on_water_one_cm":4049,"minecraft:time_since_death":29131,"minecraft:climb_one_cm":8802,"minecraft:total_world_time":49261,"minecraft:fall_one_cm":17727},"minecraft:killed":{"minecraft:pig":5},"minecraft:mined":{"minecraft:large_fern":1,"regions_unexplored:redwood_shrub":3,"minecraft:jungle_leaves":46,"minecraft:dandelion":2,"minecraft:crafting_table":1,"minecraft:grass":35,"minecraft:poppy":2,"minecraft:grass_block":6,"minecraft:oak_log":17,"minecraft:melon":2,"minecraft:cocoa":4,"minecraft:vine":1,"minecraft:jungle_log":3,"minecraft:sand":1,"minecraft:dirt":1,"regions_unexplored:medium_grass":5,"minecraft:bamboo":2,"regions_unexplored:redwood_log":40,"minecraft:oak_leaves":64,"minecraft:fern":28},"minecraft:killed_by":{"cataclysm:deepling_brute":1},"minecraft:broken":{"minecraft:wooden_axe":1},"minecraft:used":{"minecraft:wooden_axe":63,"regions_unexplored:redwood_log":1,"minecraft:melon_slice":21,"minecraft:dirt":4,"minecraft:crafting_table":2,"minecraft:oak_boat":1},"minecraft:crafted":{"minecraft:oak_boat":1,"minecraft:oak_planks":68,"minecraft:crafting_table":1,"minecraft:stick":4,"minecraft:wooden_pickaxe":1,"minecraft:wooden_axe":1,"minecraft:jungle_planks":8}},"DataVersion":3465}