{"stats":{"minecraft:custom":{"minecraft:interact_with_furnace":30,"minecraft:mob_kills":7,"minecraft:interact_with_crafting_table":16,"minecraft:leave_game":2,"minecraft:time_since_death":131131,"minecraft:climb_one_cm":8802,"minecraft:time_since_rest":131184,"minecraft:sprint_one_cm":112301,"minecraft:damage_taken":1286,"minecraft:walk_one_cm":180997,"minecraft:drop":2,"minecraft:damage_dealt":871,"minecraft:swim_one_cm":8273,"minecraft:fly_one_cm":101863,"minecraft:open_chest":23,"minecraft:crouch_one_cm":1086,"minecraft:play_time":151261,"minecraft:deaths":2,"minecraft:sneak_time":902,"minecraft:walk_under_water_one_cm":1934,"minecraft:boat_one_cm":279882,"minecraft:jump":1313,"minecraft:walk_on_water_one_cm":4049,"minecraft:total_world_time":151261,"minecraft:fall_one_cm":29719},"minecraft:picked_up":{"minecraft:coarse_dirt":2,"minecraft:cocoa_beans":24,"minecraft:crafting_table":4,"minecraft:andesite":887,"minecraft:jungle_log":5,"minecraft:flint":12,"minecraft:oak_log":17,"minecraft:dirt":39,"minecraft:raw_copper":182,"minecraft:wheat_seeds":5,"minecraft:stone_pickaxe":1,"minecraft:jungle_sapling":2,"minecraft:poppy":2,"minecraft:bamboo":78,"regions_unexplored:redwood_planks":2,"minecraft:melon_slice":21,"minecraft:chest":1,"minecraft:oak_planks":57,"regions_unexplored:redwood_log":50,"minecraft:egg":1,"minecraft:stick":11,"minecraft:raw_iron":2,"minecraft:torch":58,"minecraft:dandelion":2,"minecraft:gravel":158,"minecraft:jungle_planks":1,"minecraft:porkchop":10,"minecraft:sand":1,"minecraft:diorite":17,"minecraft:mossy_cobblestone":6,"minecraft:rotten_flesh":2,"minecraft:jungle_stairs":1,"minecraft:granite":8,"regions_unexplored:redwood_shrub":3,"gamma_beasts:coal_nugget":37,"minecraft:oak_sapling":6,"minecraft:coal":116,"minecraft:cobblestone":389},"minecraft:killed":{"minecraft:pig":5,"minecraft:spider":2},"minecraft:mined":{"minecraft:podzol":6,"regions_unexplored:redwood_shrub":3,"minecraft:hanging_roots":3,"minecraft:mossy_cobblestone":6,"minecraft:jungle_leaves":46,"minecraft:dandelion":2,"minecraft:crafting_table":3,"minecraft:torch":35,"minecraft:granite":10,"minecraft:jungle_stairs":1,"minecraft:jungle_planks":2,"minecraft:grass_block":6,"minecraft:poppy":2,"minecraft:melon":2,"minecraft:chest":1,"minecraft:jungle_log":3,"minecraft:copper_ore":64,"minecraft:diorite":16,"minecraft:wall_torch":16,"minecraft:large_fern":2,"minecraft:coarse_dirt":2,"minecraft:iron_ore":2,"minecraft:andesite":916,"regions_unexplored:redwood_planks":3,"minecraft:grass":38,"minecraft:coal_ore":115,"minecraft:oak_log":17,"minecraft:vine":1,"minecraft:cocoa":4,"minecraft:gravel":77,"minecraft:sand":1,"minecraft:dirt":34,"regions_unexplored:medium_grass":8,"minecraft:bamboo":2,"minecraft:stone":449,"regions_unexplored:redwood_log":61,"minecraft:oak_leaves":64,"minecraft:fern":28},"minecraft:killed_by":{"cataclysm:deepling_brute":1},"minecraft:broken":{"minecraft:stone_pickaxe":11,"minecraft:wooden_axe":1,"minecraft:wooden_pickaxe":1},"minecraft:used":{"minecraft:diorite":16,"minecraft:stone_pickaxe":1529,"minecraft:chest":1,"minecraft:wooden_pickaxe":59,"minecraft:torch":76,"minecraft:mossy_cobblestone":6,"minecraft:dirt":21,"regions_unexplored:redwood_planks":6,"minecraft:crafting_table":4,"regions_unexplored:redwood_door":2,"minecraft:wooden_axe":63,"regions_unexplored:redwood_log":1,"minecraft:melon_slice":21,"minecraft:jungle_stairs":5,"minecraft:gravel":8,"minecraft:stone_axe":39,"minecraft:cobblestone":10,"minecraft:furnace":3,"minecraft:cooked_porkchop":7,"minecraft:oak_boat":1,"minecraft:coarse_dirt":2},"minecraft:crafted":{"minecraft:oak_planks":68,"minecraft:cooked_porkchop":10,"minecraft:crafting_table":2,"minecraft:wooden_pickaxe":1,"minecraft:furnace":3,"minecraft:copper_ingot":41,"minecraft:stone_axe":1,"minecraft:air":0,"minecraft:jungle_planks":8,"minecraft:oak_boat":1,"regions_unexplored:redwood_planks":176,"minecraft:charcoal":1,"minecraft:stick":72,"minecraft:stone_pickaxe":13,"regions_unexplored:redwood_door":3,"minecraft:wooden_axe":1,"minecraft:jungle_stairs":4,"minecraft:torch":176},"minecraft:dropped":{"minecraft:torch":64,"minecraft:stone_pickaxe":1}},"DataVersion":3465}