{"stats":{"minecraft:picked_up":{"minecraft:cocoa_beans":24,"minecraft:stick":11,"minecraft:crafting_table":2,"minecraft:jungle_log":5,"minecraft:oak_log":17,"minecraft:dirt":8,"minecraft:rotten_flesh":2,"minecraft:jungle_sapling":2,"minecraft:bamboo":78,"minecraft:oak_sapling":6,"minecraft:melon_slice":21,"minecraft:oak_planks":57},"minecraft:custom":{"minecraft:time_since_rest":17184,"minecraft:sprint_one_cm":25995,"minecraft:damage_taken":780,"minecraft:walk_one_cm":43264,"minecraft:damage_dealt":50,"minecraft:swim_one_cm":1922,"minecraft:interact_with_crafting_table":1,"minecraft:fly_one_cm":42683,"minecraft:play_time":37261,"minecraft:deaths":2,"minecraft:sneak_time":24,"minecraft:walk_under_water_one_cm":785,"minecraft:boat_one_cm":120157,"minecraft:jump":456,"minecraft:leave_game":2,"minecraft:walk_on_water_one_cm":2769,"minecraft:time_since_death":17131,"minecraft:climb_one_cm":8588,"minecraft:total_world_time":37261,"minecraft:fall_one_cm":16415},"minecraft:mined":{"minecraft:jungle_leaves":46,"minecraft:crafting_table":1,"minecraft:grass":4,"minecraft:grass_block":6,"minecraft:oak_log":17,"minecraft:melon":2,"minecraft:cocoa":4,"minecraft:vine":1,"minecraft:jungle_log":3,"minecraft:dirt":1,"minecraft:bamboo":2,"minecraft:oak_leaves":56,"minecraft:fern":6},"minecraft:killed_by":{"cataclysm:deepling_brute":1},"minecraft:used":{"minecraft:melon_slice":19,"minecraft:dirt":4,"minecraft:crafting_table":1,"minecraft:oak_boat":1},"minecraft:crafted":{"minecraft:oak_boat":1,"minecraft:oak_planks":68,"minecraft:crafting_table":1,"minecraft:stick":4,"minecraft:jungle_planks":8}},"DataVersion":3465}