{"stats":{"minecraft:custom":{"minecraft:mob_kills":14,"minecraft:animals_bred":2,"minecraft:interact_with_crafting_table":28,"minecraft:leave_game":3,"minecraft:time_since_death":188290,"minecraft:climb_one_cm":8802,"minecraft:sprint_one_cm":215156,"minecraft:walk_one_cm":252526,"minecraft:drop":8,"minecraft:play_time":208420,"minecraft:deaths":2,"minecraft:sneak_time":1576,"minecraft:walk_under_water_one_cm":21070,"minecraft:boat_one_cm":279882,"minecraft:jump":2251,"minecraft:walk_on_water_one_cm":8755,"minecraft:total_world_time":208420,"minecraft:interact_with_furnace":67,"minecraft:sleep_in_bed":1,"minecraft:time_since_rest":37382,"minecraft:damage_taken":1736,"minecraft:damage_dealt":1477,"minecraft:swim_one_cm":62553,"minecraft:fly_one_cm":189362,"minecraft:open_chest":40,"minecraft:crouch_one_cm":1425,"minecraft:fall_one_cm":49201},"minecraft:picked_up":{"minecraft:wooden_axe":1,"minecraft:cocoa_beans":24,"minecraft:crafting_table":4,"minecraft:coarse_dirt":2,"minecraft:chicken":3,"regions_unexplored:magnolia_log":8,"minecraft:raw_copper":182,"minecraft:beef":5,"minecraft:calcite":1,"minecraft:jungle_sapling":2,"minecraft:poppy":2,"regions_unexplored:redwood_planks":3,"minecraft:melon_slice":21,"minecraft:chest":1,"minecraft:egg":1,"regions_unexplored:redwood_log":50,"minecraft:furnace":1,"minecraft:stick":11,"minecraft:raw_iron":60,"minecraft:jungle_door":8,"minecraft:torch":70,"minecraft:porkchop":10,"regions_unexplored:pink_magnolia_shrub":1,"minecraft:diorite":23,"regions_unexplored:daisy":1,"minecraft:rotten_flesh":4,"minecraft:jungle_stairs":1,"regions_unexplored:mauve_log":1,"gamma_beasts:coal_nugget":49,"minecraft:mutton":3,"minecraft:white_wool":1,"minecraft:cobblestone":464,"minecraft:feather":3,"minecraft:jungle_log":5,"minecraft:andesite":887,"regions_unexplored:cherry_shrub":1,"minecraft:leather":2,"minecraft:flint":12,"minecraft:oak_log":17,"minecraft:dirt":47,"minecraft:wheat_seeds":9,"minecraft:stone_pickaxe":1,"minecraft:bamboo":249,"minecraft:oak_planks":57,"regions_unexplored:bamboo_log":5,"minecraft:cooked_porkchop":1,"minecraft:dandelion":2,"regions_unexplored:oak_shrub":1,"minecraft:gravel":174,"minecraft:sand":1,"minecraft:jungle_planks":1,"minecraft:mossy_cobblestone":6,"travelersbackpack:white_sleeping_bag":8,"regions_unexplored:hyssop":3,"regions_unexplored:redwood_shrub":3,"minecraft:granite":8,"minecraft:emerald":5,"minecraft:oak_sapling":6,"minecraft:black_wool":1,"minecraft:coal":171},"minecraft:killed":{"minecraft:spider":2,"minecraft:chicken":3,"minecraft:pig":5,"minecraft:sheep":2,"minecraft:cow":2},"minecraft:mined":{"minecraft:mossy_cobblestone":6,"minecraft:jungle_leaves":46,"regions_unexplored:magnolia_log":10,"regions_unexplored:pink_magnolia_shrub":1,"minecraft:granite":10,"minecraft:grass_block":9,"minecraft:jungle_planks":2,"minecraft:jungle_log":3,"travelersbackpack:white_sleeping_bag":4,"minecraft:large_fern":2,"minecraft:furnace":1,"minecraft:iron_ore":64,"minecraft:andesite":916,"regions_unexplored:redwood_planks":3,"minecraft:vine":1,"regions_unexplored:medium_grass":28,"minecraft:bamboo":19,"minecraft:stone":532,"regions_unexplored:redwood_log":61,"minecraft:podzol":10,"regions_unexplored:redwood_shrub":3,"minecraft:jungle_door":6,"minecraft:hanging_roots":3,"regions_unexplored:white_magnolia_leaves":4,"minecraft:dandelion":2,"minecraft:crafting_table":3,"minecraft:torch":39,"minecraft:jungle_stairs":1,"minecraft:emerald_ore":5,"minecraft:calcite":1,"minecraft:poppy":2,"minecraft:melon":2,"minecraft:chest":1,"minecraft:copper_ore":64,"minecraft:tall_grass":1,"regions_unexplored:mauve_log":1,"regions_unexplored:daisy":1,"regions_unexplored:bamboo_log":5,"minecraft:diorite":22,"minecraft:wall_torch":16,"regions_unexplored:hyssop":5,"minecraft:coarse_dirt":2,"minecraft:grass":56,"minecraft:oak_log":17,"regions_unexplored:cherry_shrub":1,"regions_unexplored:oak_shrub":1,"minecraft:coal_ore":170,"minecraft:cocoa":4,"minecraft:sand":1,"minecraft:gravel":89,"minecraft:dirt":35,"minecraft:oak_leaves":64,"minecraft:fern":33,"regions_unexplored:fireweed":2},"minecraft:killed_by":{"cataclysm:deepling_brute":1},"minecraft:broken":{"minecraft:wooden_pickaxe":1,"minecraft:stone_pickaxe":13,"minecraft:wooden_axe":1},"minecraft:used":{"minecraft:chest":2,"minecraft:cooked_chicken":2,"minecraft:torch":91,"minecraft:dirt":23,"minecraft:mutton":3,"minecraft:wooden_axe":63,"minecraft:iron_axe":1,"minecraft:beef":5,"minecraft:furnace":4,"minecraft:diorite":17,"minecraft:stone_pickaxe":1704,"minecraft:wooden_pickaxe":59,"minecraft:mossy_cobblestone":6,"regions_unexplored:redwood_planks":6,"minecraft:crafting_table":4,"regions_unexplored:redwood_door":2,"regions_unexplored:redwood_log":1,"minecraft:melon_slice":21,"minecraft:iron_pickaxe":46,"travelersbackpack:white_sleeping_bag":3,"minecraft:jungle_stairs":5,"minecraft:gravel":8,"minecraft:stone_axe":151,"minecraft:cobblestone":10,"minecraft:cooked_porkchop":11,"minecraft:jungle_door":6,"minecraft:oak_boat":1,"minecraft:coarse_dirt":2},"minecraft:crafted":{"minecraft:smooth_stone":3,"minecraft:oak_planks":68,"minecraft:cooked_chicken":3,"minecraft:furnace":4,"minecraft:stone":3,"minecraft:cooked_mutton":10,"minecraft:iron_boots":1,"minecraft:iron_axe":1,"minecraft:stone_pickaxe":13,"minecraft:chest":1,"minecraft:jungle_stairs":4,"regions_unexplored:magnolia_planks":32,"minecraft:cooked_porkchop":10,"minecraft:crafting_table":2,"minecraft:wooden_pickaxe":1,"minecraft:iron_helmet":1,"minecraft:copper_ingot":60,"minecraft:stone_axe":1,"minecraft:air":0,"minecraft:jungle_planks":8,"regions_unexplored:redwood_planks":176,"minecraft:oak_boat":1,"minecraft:bamboo_planks":10,"minecraft:iron_chestplate":1,"minecraft:charcoal":1,"minecraft:shield":1,"minecraft:stick":92,"minecraft:iron_pickaxe":2,"minecraft:iron_ingot":52,"regions_unexplored:redwood_door":3,"minecraft:wooden_axe":1,"minecraft:iron_leggings":1,"minecraft:torch":176},"minecraft:dropped":{"minecraft:torch":64,"regions_unexplored:redwood_planks":2,"travelersbackpack:white_sleeping_bag":4,"minecraft:stone_pickaxe":1}},"DataVersion":3465}