{"stats":{"minecraft:mined":{"minecraft:dark_oak_planks":2,"minecraft:iron_ore":2,"minecraft:birch_log":23,"minecraft:andesite":20,"minecraft:birch_leaves":2,"minecraft:pumpkin":3,"minecraft:crafting_table":1,"minecraft:glow_lichen":1,"minecraft:torch":2,"minecraft:grass":4,"minecraft:grass_block":2,"minecraft:coal_ore":16,"minecraft:rail":2,"minecraft:sand":1,"minecraft:mushroom_stem":4,"minecraft:red_mushroom_block":15,"minecraft:stone":75,"minecraft:oak_planks":5,"minecraft:sugar_cane":7,"minecraft:diorite":2},"minecraft:killed":{"minecraft:cow":1},"minecraft:broken":{"minecraft:wooden_pickaxe":1},"minecraft:used":{"minecraft:dark_oak_planks":2,"minecraft:diorite":1,"minecraft:birch_planks":14,"minecraft:stone_pickaxe":13,"minecraft:wooden_pickaxe":106,"minecraft:stone_axe":1,"minecraft:torch":2,"minecraft:dirt":2,"minecraft:sand":1,"minecraft:crafting_table":1,"minecraft:andesite":5},"minecraft:custom":{"minecraft:time_since_rest":7123,"minecraft:sprint_one_cm":77433,"minecraft:damage_taken":1655,"minecraft:walk_one_cm":58802,"minecraft:mob_kills":1,"minecraft:damage_dealt":381,"minecraft:swim_one_cm":57465,"minecraft:interact_with_crafting_table":3,"minecraft:fly_one_cm":114258,"minecraft:play_time":41389,"minecraft:deaths":6,"minecraft:walk_under_water_one_cm":8767,"minecraft:jump":626,"minecraft:walk_on_water_one_cm":17282,"minecraft:time_since_death":7072,"minecraft:total_world_time":41389,"minecraft:fall_one_cm":22636},"minecraft:killed_by":{"minecraft:player":1,"minecraft:skeleton":4},"minecraft:crafted":{"minecraft:crafting_table":1,"minecraft:stone_pickaxe":1,"minecraft:wooden_pickaxe":1,"minecraft:birch_planks":92,"minecraft:stone_axe":1},"minecraft:picked_up":{"minecraft:birch_log":35,"minecraft:raw_iron":2,"minecraft:stick":23,"minecraft:crafting_table":1,"minecraft:pumpkin":3,"minecraft:andesite":17,"minecraft:leather":4,"minecraft:torch":2,"minecraft:wooden_pickaxe":2,"minecraft:red_mushroom":10,"minecraft:birch_planks":75,"minecraft:sand":1,"minecraft:diorite":2,"minecraft:dirt":3,"minecraft:dark_oak_planks":2,"minecraft:wooden_sword":1,"minecraft:wheat_seeds":2,"minecraft:beef":8,"minecraft:oak_planks":4,"minecraft:sugar_cane":18,"minecraft:birch_sapling":4,"minecraft:coal":48,"minecraft:rail":2,"minecraft:cobblestone":91,"minecraft:egg":1}},"DataVersion":3465}