{"stats":{"minecraft:mined":{"create:zinc_ore":2,"minecraft:dark_oak_planks":12,"minecraft:oak_fence":11,"minecraft:torch":2,"minecraft:crafting_table":4,"minecraft:glow_lichen":1,"minecraft:grass_block":8,"minecraft:chest":2,"minecraft:mushroom_stem":4,"minecraft:cobblestone":2,"travelersbackpack:white_sleeping_bag":1,"minecraft:copper_ore":6,"minecraft:sugar_cane":7,"minecraft:oak_planks":37,"minecraft:diorite":16,"minecraft:wall_torch":1,"minecraft:birch_planks":6,"minecraft:furnace":6,"minecraft:dark_oak_door":1,"minecraft:birch_log":23,"minecraft:iron_ore":21,"minecraft:birch_leaves":2,"minecraft:andesite":26,"minecraft:pumpkin":3,"minecraft:grass":42,"minecraft:coal_ore":49,"minecraft:rail":10,"minecraft:sand":25,"minecraft:dirt":2,"minecraft:cobweb":12,"minecraft:red_mushroom_block":15,"minecraft:stone":160,"minecraft:gold_ore":6,"minecraft:oak_leaves":3},"minecraft:broken":{"minecraft:stone_axe":1,"minecraft:wooden_pickaxe":2},"minecraft:killed":{"minecraft:cave_spider":1,"minecraft:pig":7,"minecraft:sheep":1,"minecraft:cow":6},"minecraft:used":{"minecraft:diorite":1,"minecraft:stone_sword":40,"minecraft:birch_planks":14,"minecraft:stone_pickaxe":126,"minecraft:wooden_pickaxe":151,"minecraft:shield":2,"minecraft:torch":6,"minecraft:dirt":32,"minecraft:sand":1,"minecraft:crafting_table":1,"minecraft:dark_oak_planks":2,"minecraft:iron_pickaxe":68,"travelersbackpack:white_sleeping_bag":1,"minecraft:stone_axe":103,"minecraft:cobblestone":25,"minecraft:beef":4,"travelersbackpack:standard":1,"minecraft:cooked_porkchop":2,"minecraft:furnace":2,"minecraft:porkchop":3,"minecraft:andesite":12},"minecraft:custom":{"minecraft:interact_with_furnace":17,"minecraft:mob_kills":15,"minecraft:interact_with_crafting_table":15,"minecraft:time_since_death":32118,"minecraft:sleep_in_bed":1,"minecraft:time_since_rest":20756,"minecraft:sprint_one_cm":215235,"minecraft:damage_taken":2345,"minecraft:walk_one_cm":179168,"minecraft:damage_blocked_by_shield":315,"minecraft:damage_dealt":1910,"minecraft:swim_one_cm":60763,"minecraft:fly_one_cm":245681,"minecraft:open_chest":10,"minecraft:crouch_one_cm":22,"minecraft:play_time":101389,"minecraft:deaths":8,"minecraft:sneak_time":74,"minecraft:walk_under_water_one_cm":9108,"minecraft:jump":1457,"minecraft:walk_on_water_one_cm":26639,"minecraft:total_world_time":101389,"minecraft:fall_one_cm":37022},"minecraft:killed_by":{"minecraft:zombie_villager":1,"minecraft:player":1,"minecraft:skeleton":4},"minecraft:crafted":{"minecraft:cooked_porkchop":9,"minecraft:crafting_table":1,"travelersbackpack:standard":1,"travelersbackpack:backpack_tank":2,"minecraft:wooden_pickaxe":1,"minecraft:birch_planks":92,"minecraft:stone_axe":1,"minecraft:air":0,"minecraft:glass":12,"travelersbackpack:white_sleeping_bag":1,"minecraft:white_wool":3,"minecraft:iron_boots":1,"minecraft:shield":1,"minecraft:stick":16,"minecraft:iron_ingot":20,"minecraft:iron_pickaxe":1,"minecraft:stone_pickaxe":1,"minecraft:stone_sword":1,"minecraft:chest":1,"minecraft:gold_ingot":6,"minecraft:iron_leggings":1,"minecraft:torch":28,"create:zinc_ingot":2},"minecraft:picked_up":{"minecraft:birch_log":35,"minecraft:crafting_table":4,"minecraft:feather":5,"minecraft:salmon":3,"minecraft:andesite":51,"minecraft:leather":12,"minecraft:red_mushroom":15,"minecraft:wooden_pickaxe":5,"minecraft:birch_planks":137,"minecraft:tuff":5,"create:raw_zinc":2,"minecraft:shield":2,"minecraft:gunpowder":1,"minecraft:dirt":37,"minecraft:string":35,"minecraft:raw_copper":115,"minecraft:wooden_sword":1,"minecraft:iron_leggings":1,"minecraft:glass":12,"minecraft:wheat_seeds":9,"minecraft:raw_gold":6,"minecraft:beef":25,"minecraft:stone_pickaxe":2,"minecraft:iron_pickaxe":1,"minecraft:sugar_cane":48,"minecraft:chest":2,"minecraft:birch_sapling":6,"minecraft:oak_planks":50,"minecraft:iron_boots":1,"minecraft:furnace":6,"minecraft:egg":1,"minecraft:dark_oak_door":3,"minecraft:stick":36,"minecraft:raw_iron":27,"minecraft:pumpkin":6,"minecraft:copper_ingot":9,"minecraft:oak_fence":22,"minecraft:torch":55,"minecraft:gravel":17,"minecraft:porkchop":12,"minecraft:sand":25,"minecraft:diorite":82,"minecraft:redstone":24,"create:zinc_ingot":2,"travelersbackpack:white_sleeping_bag":1,"minecraft:dark_oak_planks":11,"minecraft:stone_sword":2,"minecraft:rotten_flesh":1,"minecraft:stone_axe":2,"minecraft:mutton":2,"minecraft:coal":117,"minecraft:white_wool":1,"minecraft:rail":22,"minecraft:cobblestone":310}},"DataVersion":3465}