{"stats":{"minecraft:mined":{"minecraft:birch_log":23,"minecraft:birch_leaves":2,"minecraft:pumpkin":3,"minecraft:torch":1,"minecraft:grass":4,"minecraft:grass_block":2,"minecraft:coal_ore":16,"minecraft:sand":1,"minecraft:mushroom_stem":4,"minecraft:red_mushroom_block":15,"minecraft:stone":12,"minecraft:sugar_cane":7},"minecraft:killed":{"minecraft:cow":1},"minecraft:used":{"minecraft:wooden_pickaxe":28,"minecraft:sand":1},"minecraft:custom":{"minecraft:time_since_rest":3270,"minecraft:sprint_one_cm":77206,"minecraft:damage_taken":1580,"minecraft:walk_one_cm":34475,"minecraft:mob_kills":1,"minecraft:damage_dealt":381,"minecraft:swim_one_cm":57465,"minecraft:interact_with_crafting_table":1,"minecraft:fly_one_cm":114073,"minecraft:play_time":29389,"minecraft:deaths":5,"minecraft:walk_under_water_one_cm":8767,"minecraft:jump":575,"minecraft:walk_on_water_one_cm":17282,"minecraft:time_since_death":3236,"minecraft:total_world_time":29389,"minecraft:fall_one_cm":22098},"minecraft:killed_by":{"minecraft:skeleton":4},"minecraft:crafted":{"minecraft:birch_planks":24},"minecraft:picked_up":{"minecraft:birch_log":35,"minecraft:stick":6,"minecraft:pumpkin":3,"minecraft:leather":3,"minecraft:torch":1,"minecraft:wooden_pickaxe":1,"minecraft:red_mushroom":10,"minecraft:birch_planks":24,"minecraft:sand":1,"minecraft:dirt":3,"minecraft:wooden_sword":1,"minecraft:wheat_seeds":2,"minecraft:beef":8,"minecraft:sugar_cane":18,"minecraft:birch_sapling":4,"minecraft:coal":48,"minecraft:cobblestone":12,"minecraft:egg":1}},"DataVersion":3465}