{"stats":{"minecraft:custom":{"minecraft:interact_with_furnace":41,"minecraft:mob_kills":13,"minecraft:animals_bred":2,"minecraft:interact_with_crafting_table":20,"minecraft:leave_game":2,"minecraft:time_since_death":143131,"minecraft:climb_one_cm":8802,"minecraft:time_since_rest":143184,"minecraft:sprint_one_cm":145518,"minecraft:damage_taken":1356,"minecraft:walk_one_cm":200225,"minecraft:drop":2,"minecraft:damage_dealt":1310,"minecraft:swim_one_cm":8273,"minecraft:fly_one_cm":143637,"minecraft:open_chest":35,"minecraft:crouch_one_cm":1425,"minecraft:play_time":163261,"minecraft:deaths":2,"minecraft:sneak_time":1004,"minecraft:walk_under_water_one_cm":1934,"minecraft:boat_one_cm":279882,"minecraft:jump":1531,"minecraft:walk_on_water_one_cm":4049,"minecraft:total_world_time":163261,"minecraft:fall_one_cm":34976},"minecraft:picked_up":{"minecraft:coarse_dirt":2,"minecraft:cocoa_beans":24,"minecraft:crafting_table":4,"minecraft:feather":2,"minecraft:chicken":2,"minecraft:andesite":887,"minecraft:jungle_log":5,"regions_unexplored:cherry_shrub":1,"minecraft:leather":2,"minecraft:flint":12,"minecraft:oak_log":17,"minecraft:dirt":41,"minecraft:raw_copper":182,"minecraft:wheat_seeds":9,"minecraft:beef":5,"minecraft:stone_pickaxe":1,"minecraft:jungle_sapling":2,"minecraft:poppy":2,"minecraft:bamboo":119,"regions_unexplored:redwood_planks":2,"minecraft:melon_slice":21,"minecraft:chest":1,"regions_unexplored:bamboo_log":3,"minecraft:oak_planks":57,"minecraft:furnace":1,"regions_unexplored:redwood_log":50,"minecraft:egg":1,"minecraft:stick":11,"minecraft:raw_iron":2,"minecraft:torch":58,"minecraft:dandelion":2,"regions_unexplored:oak_shrub":1,"minecraft:gravel":158,"minecraft:jungle_planks":1,"minecraft:porkchop":10,"minecraft:sand":1,"minecraft:diorite":17,"regions_unexplored:daisy":1,"minecraft:mossy_cobblestone":6,"regions_unexplored:hyssop":3,"minecraft:rotten_flesh":2,"regions_unexplored:mauve_log":1,"minecraft:jungle_stairs":1,"minecraft:granite":8,"regions_unexplored:redwood_shrub":3,"gamma_beasts:coal_nugget":37,"minecraft:oak_sapling":6,"minecraft:black_wool":1,"minecraft:mutton":3,"minecraft:coal":116,"minecraft:white_wool":1,"minecraft:cobblestone":389},"minecraft:killed":{"minecraft:pig":5,"minecraft:spider":2,"minecraft:sheep":2,"minecraft:chicken":2,"minecraft:cow":2},"minecraft:mined":{"minecraft:podzol":8,"regions_unexplored:redwood_shrub":3,"minecraft:hanging_roots":3,"minecraft:mossy_cobblestone":6,"minecraft:jungle_leaves":46,"minecraft:dandelion":2,"minecraft:crafting_table":3,"minecraft:torch":35,"minecraft:granite":10,"minecraft:jungle_stairs":1,"minecraft:jungle_planks":2,"minecraft:grass_block":6,"minecraft:poppy":2,"minecraft:melon":2,"minecraft:chest":1,"minecraft:jungle_log":3,"minecraft:tall_grass":1,"minecraft:copper_ore":64,"regions_unexplored:mauve_log":1,"regions_unexplored:daisy":1,"regions_unexplored:bamboo_log":3,"minecraft:diorite":16,"minecraft:wall_torch":16,"minecraft:large_fern":2,"regions_unexplored:hyssop":5,"minecraft:coarse_dirt":2,"minecraft:furnace":1,"minecraft:iron_ore":2,"minecraft:andesite":916,"regions_unexplored:redwood_planks":3,"minecraft:grass":52,"regions_unexplored:cherry_shrub":1,"regions_unexplored:oak_shrub":1,"minecraft:coal_ore":115,"minecraft:oak_log":17,"minecraft:vine":1,"minecraft:cocoa":4,"minecraft:gravel":77,"minecraft:sand":1,"minecraft:dirt":34,"regions_unexplored:medium_grass":21,"minecraft:bamboo":6,"minecraft:stone":449,"regions_unexplored:redwood_log":61,"regions_unexplored:fireweed":2,"minecraft:oak_leaves":64,"minecraft:fern":32},"minecraft:killed_by":{"cataclysm:deepling_brute":1},"minecraft:broken":{"minecraft:stone_pickaxe":11,"minecraft:wooden_axe":1,"minecraft:wooden_pickaxe":1},"minecraft:used":{"minecraft:diorite":16,"minecraft:stone_pickaxe":1532,"minecraft:chest":1,"minecraft:wooden_pickaxe":59,"minecraft:torch":76,"minecraft:mossy_cobblestone":6,"minecraft:dirt":22,"regions_unexplored:redwood_planks":6,"minecraft:crafting_table":4,"regions_unexplored:redwood_door":2,"minecraft:wooden_axe":63,"regions_unexplored:redwood_log":1,"minecraft:melon_slice":21,"minecraft:jungle_stairs":5,"minecraft:gravel":8,"minecraft:stone_axe":101,"minecraft:cobblestone":10,"minecraft:furnace":3,"minecraft:cooked_porkchop":9,"minecraft:oak_boat":1,"minecraft:coarse_dirt":2},"minecraft:crafted":{"minecraft:smooth_stone":3,"minecraft:oak_planks":68,"minecraft:cooked_porkchop":10,"minecraft:crafting_table":2,"minecraft:wooden_pickaxe":1,"minecraft:furnace":3,"minecraft:copper_ingot":60,"minecraft:stone":3,"minecraft:stone_axe":1,"minecraft:air":0,"minecraft:jungle_planks":8,"minecraft:oak_boat":1,"regions_unexplored:redwood_planks":176,"minecraft:charcoal":1,"minecraft:stick":72,"minecraft:iron_ingot":2,"minecraft:stone_pickaxe":13,"regions_unexplored:redwood_door":3,"minecraft:wooden_axe":1,"minecraft:jungle_stairs":4,"minecraft:torch":176},"minecraft:dropped":{"minecraft:torch":64,"minecraft:stone_pickaxe":1}},"DataVersion":3465}