{"stats":{"minecraft:mined":{"create:zinc_ore":2,"minecraft:dark_oak_planks":2,"minecraft:oak_fence":11,"minecraft:torch":2,"minecraft:crafting_table":1,"minecraft:glow_lichen":1,"minecraft:grass_block":2,"minecraft:mushroom_stem":4,"minecraft:copper_ore":2,"minecraft:sugar_cane":7,"minecraft:oak_planks":37,"minecraft:diorite":15,"minecraft:furnace":2,"minecraft:birch_log":23,"minecraft:iron_ore":21,"minecraft:birch_leaves":2,"minecraft:andesite":20,"minecraft:pumpkin":3,"minecraft:grass":4,"minecraft:coal_ore":49,"minecraft:rail":10,"minecraft:sand":1,"minecraft:cobweb":12,"minecraft:red_mushroom_block":15,"minecraft:stone":124},"minecraft:broken":{"minecraft:wooden_pickaxe":1},"minecraft:killed":{"minecraft:cave_spider":1,"minecraft:cow":1},"minecraft:used":{"minecraft:diorite":1,"minecraft:stone_sword":12,"minecraft:birch_planks":14,"minecraft:stone_pickaxe":126,"minecraft:wooden_pickaxe":117,"minecraft:shield":1,"minecraft:torch":4,"minecraft:dirt":2,"minecraft:sand":1,"minecraft:crafting_table":1,"minecraft:dark_oak_planks":2,"minecraft:iron_pickaxe":9,"minecraft:stone_axe":51,"minecraft:cobblestone":6,"minecraft:beef":4,"minecraft:furnace":2,"minecraft:andesite":12},"minecraft:custom":{"minecraft:interact_with_furnace":7,"minecraft:mob_kills":2,"minecraft:interact_with_crafting_table":8,"minecraft:time_since_death":16290,"minecraft:time_since_rest":16381,"minecraft:sprint_one_cm":139969,"minecraft:damage_taken":2205,"minecraft:walk_one_cm":117812,"minecraft:damage_blocked_by_shield":45,"minecraft:damage_dealt":563,"minecraft:swim_one_cm":60089,"minecraft:fly_one_cm":166708,"minecraft:play_time":65389,"minecraft:deaths":7,"minecraft:walk_under_water_one_cm":9054,"minecraft:jump":916,"minecraft:walk_on_water_one_cm":22373,"minecraft:total_world_time":65389,"minecraft:fall_one_cm":28645},"minecraft:killed_by":{"minecraft:zombie_villager":1,"minecraft:player":1,"minecraft:skeleton":4},"minecraft:crafted":{"minecraft:crafting_table":1,"minecraft:wooden_pickaxe":1,"minecraft:birch_planks":92,"minecraft:stone_axe":1,"minecraft:iron_boots":1,"minecraft:shield":1,"minecraft:stick":16,"minecraft:iron_ingot":15,"minecraft:iron_pickaxe":1,"minecraft:stone_pickaxe":1,"minecraft:stone_sword":1,"minecraft:iron_leggings":1,"minecraft:torch":28},"minecraft:picked_up":{"minecraft:birch_log":35,"minecraft:crafting_table":1,"minecraft:andesite":23,"minecraft:leather":5,"minecraft:red_mushroom":10,"minecraft:wooden_pickaxe":4,"minecraft:birch_planks":131,"create:raw_zinc":2,"minecraft:shield":1,"minecraft:dirt":3,"minecraft:string":16,"minecraft:raw_copper":9,"minecraft:wooden_sword":1,"minecraft:wheat_seeds":2,"minecraft:beef":14,"minecraft:stone_pickaxe":1,"minecraft:sugar_cane":18,"minecraft:birch_sapling":6,"minecraft:oak_planks":31,"minecraft:furnace":2,"minecraft:egg":1,"minecraft:stick":23,"minecraft:raw_iron":27,"minecraft:pumpkin":3,"minecraft:oak_fence":11,"minecraft:torch":28,"minecraft:sand":1,"minecraft:diorite":19,"minecraft:dark_oak_planks":2,"minecraft:stone_sword":1,"minecraft:stone_axe":1,"minecraft:coal":93,"minecraft:rail":12,"minecraft:cobblestone":192}},"DataVersion":3465}