{"stats":{"minecraft:mined":{"minecraft:coal_ore":16,"minecraft:mushroom_stem":4,"minecraft:birch_log":6,"minecraft:red_mushroom_block":15,"minecraft:stone":12,"minecraft:sugar_cane":7,"minecraft:pumpkin":3},"minecraft:used":{"minecraft:wooden_pickaxe":28},"minecraft:custom":{"minecraft:time_since_rest":1649,"minecraft:deaths":3,"minecraft:play_time":17389,"minecraft:sprint_one_cm":39271,"minecraft:damage_taken":860,"minecraft:walk_one_cm":21461,"minecraft:walk_under_water_one_cm":5883,"minecraft:jump":381,"minecraft:damage_dealt":56,"minecraft:time_since_death":686,"minecraft:walk_on_water_one_cm":7306,"minecraft:total_world_time":17389,"minecraft:swim_one_cm":8463,"minecraft:interact_with_crafting_table":1,"minecraft:fall_one_cm":13347,"minecraft:fly_one_cm":76062},"minecraft:killed_by":{"minecraft:skeleton":2},"minecraft:crafted":{"minecraft:birch_planks":24},"minecraft:picked_up":{"minecraft:birch_log":6,"minecraft:wooden_sword":1,"minecraft:pumpkin":3,"minecraft:leather":1,"minecraft:wooden_pickaxe":1,"minecraft:red_mushroom":10,"minecraft:birch_planks":24,"minecraft:sugar_cane":18,"minecraft:coal":48,"minecraft:cobblestone":12}},"DataVersion":3465}