{"stats":{"minecraft:mined":{"create:zinc_ore":2,"minecraft:dark_oak_planks":2,"minecraft:oak_fence":11,"minecraft:torch":2,"minecraft:crafting_table":3,"minecraft:glow_lichen":1,"minecraft:grass_block":8,"minecraft:chest":1,"minecraft:mushroom_stem":4,"minecraft:cobblestone":2,"travelersbackpack:white_sleeping_bag":1,"minecraft:copper_ore":6,"minecraft:sugar_cane":7,"minecraft:oak_planks":37,"minecraft:diorite":16,"minecraft:wall_torch":1,"minecraft:furnace":5,"minecraft:birch_log":23,"minecraft:iron_ore":21,"minecraft:birch_leaves":2,"minecraft:andesite":26,"minecraft:pumpkin":3,"minecraft:grass":36,"minecraft:coal_ore":49,"minecraft:rail":10,"minecraft:sand":1,"minecraft:dirt":2,"minecraft:cobweb":12,"minecraft:red_mushroom_block":15,"minecraft:stone":159,"minecraft:gold_ore":6,"minecraft:oak_leaves":3},"minecraft:broken":{"minecraft:wooden_pickaxe":2},"minecraft:killed":{"minecraft:cave_spider":1,"minecraft:pig":7,"minecraft:sheep":1,"minecraft:cow":3},"minecraft:used":{"minecraft:diorite":1,"minecraft:stone_sword":17,"minecraft:birch_planks":14,"minecraft:stone_pickaxe":126,"minecraft:wooden_pickaxe":151,"minecraft:shield":2,"minecraft:torch":6,"minecraft:dirt":32,"minecraft:sand":1,"minecraft:crafting_table":1,"minecraft:dark_oak_planks":2,"minecraft:iron_pickaxe":62,"travelersbackpack:white_sleeping_bag":1,"minecraft:stone_axe":88,"minecraft:cobblestone":25,"minecraft:beef":4,"minecraft:cooked_porkchop":1,"minecraft:furnace":2,"minecraft:porkchop":3,"minecraft:andesite":12},"minecraft:custom":{"minecraft:interact_with_furnace":11,"minecraft:mob_kills":12,"minecraft:interact_with_crafting_table":10,"minecraft:time_since_death":20118,"minecraft:sleep_in_bed":1,"minecraft:time_since_rest":8756,"minecraft:sprint_one_cm":203896,"minecraft:damage_taken":2345,"minecraft:walk_one_cm":163452,"minecraft:damage_blocked_by_shield":315,"minecraft:damage_dealt":1537,"minecraft:swim_one_cm":60763,"minecraft:fly_one_cm":235923,"minecraft:open_chest":9,"minecraft:play_time":89389,"minecraft:deaths":8,"minecraft:sneak_time":56,"minecraft:walk_under_water_one_cm":9108,"minecraft:jump":1357,"minecraft:walk_on_water_one_cm":24825,"minecraft:total_world_time":89389,"minecraft:fall_one_cm":35588},"minecraft:killed_by":{"minecraft:zombie_villager":1,"minecraft:player":1,"minecraft:skeleton":4},"minecraft:crafted":{"minecraft:cooked_porkchop":9,"minecraft:crafting_table":1,"minecraft:wooden_pickaxe":1,"minecraft:birch_planks":92,"minecraft:stone_axe":1,"travelersbackpack:white_sleeping_bag":1,"minecraft:white_wool":3,"minecraft:iron_boots":1,"minecraft:shield":1,"minecraft:stick":16,"minecraft:iron_ingot":20,"minecraft:iron_pickaxe":1,"minecraft:stone_pickaxe":1,"minecraft:stone_sword":1,"minecraft:chest":1,"minecraft:iron_leggings":1,"minecraft:torch":28,"create:zinc_ingot":2},"minecraft:picked_up":{"minecraft:birch_log":35,"minecraft:crafting_table":3,"minecraft:andesite":34,"minecraft:leather":8,"minecraft:red_mushroom":10,"minecraft:wooden_pickaxe":5,"minecraft:birch_planks":131,"create:raw_zinc":2,"minecraft:shield":2,"minecraft:dirt":36,"minecraft:string":30,"minecraft:raw_copper":24,"minecraft:wooden_sword":1,"minecraft:iron_leggings":1,"minecraft:wheat_seeds":8,"minecraft:raw_gold":6,"minecraft:beef":17,"minecraft:stone_pickaxe":2,"minecraft:iron_pickaxe":1,"minecraft:sugar_cane":18,"minecraft:chest":1,"minecraft:birch_sapling":6,"minecraft:oak_planks":50,"minecraft:iron_boots":1,"minecraft:furnace":5,"minecraft:egg":1,"minecraft:stick":36,"minecraft:raw_iron":27,"minecraft:pumpkin":3,"minecraft:copper_ingot":2,"minecraft:oak_fence":22,"minecraft:torch":55,"minecraft:porkchop":12,"minecraft:sand":1,"minecraft:diorite":33,"travelersbackpack:white_sleeping_bag":1,"minecraft:dark_oak_planks":2,"minecraft:stone_sword":2,"minecraft:stone_axe":2,"minecraft:mutton":2,"minecraft:coal":111,"minecraft:white_wool":1,"minecraft:rail":22,"minecraft:cobblestone":309}},"DataVersion":3465}