{"stats":{"minecraft:picked_up":{"minecraft:cocoa_beans":24,"minecraft:stick":11,"minecraft:crafting_table":2,"minecraft:jungle_log":4,"minecraft:oak_log":17,"minecraft:dirt":8,"minecraft:jungle_sapling":2,"minecraft:bamboo":78,"minecraft:oak_sapling":6,"minecraft:melon_slice":7,"minecraft:oak_planks":57},"minecraft:custom":{"minecraft:time_since_rest":5184,"minecraft:sprint_one_cm":18248,"minecraft:damage_taken":760,"minecraft:walk_one_cm":32252,"minecraft:damage_dealt":40,"minecraft:swim_one_cm":1922,"minecraft:interact_with_crafting_table":1,"minecraft:fly_one_cm":30130,"minecraft:play_time":25261,"minecraft:deaths":2,"minecraft:sneak_time":19,"minecraft:walk_under_water_one_cm":785,"minecraft:boat_one_cm":38870,"minecraft:jump":354,"minecraft:leave_game":2,"minecraft:walk_on_water_one_cm":2308,"minecraft:time_since_death":5131,"minecraft:climb_one_cm":8555,"minecraft:total_world_time":25261,"minecraft:fall_one_cm":12485},"minecraft:mined":{"minecraft:jungle_leaves":46,"minecraft:crafting_table":1,"minecraft:grass":4,"minecraft:grass_block":6,"minecraft:oak_log":17,"minecraft:melon":2,"minecraft:cocoa":4,"minecraft:vine":1,"minecraft:jungle_log":2,"minecraft:dirt":1,"minecraft:bamboo":2,"minecraft:oak_leaves":29,"minecraft:fern":6},"minecraft:killed_by":{"cataclysm:deepling_brute":1},"minecraft:used":{"minecraft:melon_slice":7,"minecraft:dirt":4,"minecraft:crafting_table":1,"minecraft:oak_boat":1},"minecraft:crafted":{"minecraft:oak_boat":1,"minecraft:oak_planks":68,"minecraft:crafting_table":1,"minecraft:stick":4}},"DataVersion":3465}