{"stats":{"minecraft:custom":{"minecraft:interact_with_furnace":7,"minecraft:mob_kills":5,"minecraft:interact_with_crafting_table":11,"minecraft:leave_game":2,"minecraft:time_since_death":65131,"minecraft:climb_one_cm":8802,"minecraft:time_since_rest":65184,"minecraft:sprint_one_cm":51086,"minecraft:damage_taken":1015,"minecraft:walk_one_cm":113998,"minecraft:damage_dealt":644,"minecraft:swim_one_cm":8273,"minecraft:fly_one_cm":59511,"minecraft:open_chest":7,"minecraft:crouch_one_cm":1086,"minecraft:play_time":85261,"minecraft:deaths":2,"minecraft:sneak_time":902,"minecraft:walk_under_water_one_cm":1934,"minecraft:boat_one_cm":279882,"minecraft:jump":745,"minecraft:walk_on_water_one_cm":4049,"minecraft:total_world_time":85261,"minecraft:fall_one_cm":18683},"minecraft:picked_up":{"minecraft:cocoa_beans":24,"minecraft:crafting_table":2,"minecraft:jungle_log":5,"minecraft:oak_log":17,"minecraft:dirt":31,"minecraft:raw_copper":6,"minecraft:wheat_seeds":4,"minecraft:jungle_sapling":2,"minecraft:poppy":2,"minecraft:bamboo":78,"regions_unexplored:redwood_planks":1,"minecraft:melon_slice":21,"minecraft:chest":1,"minecraft:oak_planks":57,"regions_unexplored:redwood_log":50,"minecraft:stick":11,"minecraft:torch":1,"minecraft:dandelion":2,"minecraft:jungle_planks":1,"minecraft:porkchop":10,"minecraft:sand":1,"minecraft:diorite":16,"minecraft:mossy_cobblestone":6,"minecraft:rotten_flesh":2,"minecraft:jungle_stairs":1,"minecraft:granite":8,"regions_unexplored:redwood_shrub":3,"gamma_beasts:coal_nugget":8,"minecraft:oak_sapling":6,"minecraft:coal":23,"minecraft:cobblestone":207},"minecraft:killed":{"minecraft:pig":5},"minecraft:mined":{"minecraft:podzol":6,"regions_unexplored:redwood_shrub":3,"minecraft:mossy_cobblestone":6,"minecraft:jungle_leaves":46,"minecraft:dandelion":2,"minecraft:crafting_table":1,"minecraft:granite":10,"minecraft:jungle_stairs":1,"minecraft:jungle_planks":2,"minecraft:grass_block":6,"minecraft:poppy":2,"minecraft:melon":2,"minecraft:chest":1,"minecraft:jungle_log":3,"minecraft:copper_ore":9,"minecraft:diorite":16,"minecraft:large_fern":1,"regions_unexplored:redwood_planks":1,"minecraft:grass":38,"minecraft:coal_ore":23,"minecraft:oak_log":17,"minecraft:vine":1,"minecraft:cocoa":4,"minecraft:sand":1,"minecraft:dirt":25,"regions_unexplored:medium_grass":6,"minecraft:bamboo":2,"minecraft:stone":247,"regions_unexplored:redwood_log":61,"minecraft:oak_leaves":64,"minecraft:fern":28},"minecraft:killed_by":{"cataclysm:deepling_brute":1},"minecraft:broken":{"minecraft:stone_pickaxe":2,"minecraft:wooden_axe":1,"minecraft:wooden_pickaxe":1},"minecraft:used":{"minecraft:diorite":16,"minecraft:stone_pickaxe":262,"minecraft:chest":1,"minecraft:wooden_pickaxe":59,"minecraft:torch":6,"minecraft:mossy_cobblestone":6,"minecraft:dirt":21,"regions_unexplored:redwood_planks":6,"minecraft:crafting_table":3,"regions_unexplored:redwood_door":2,"minecraft:wooden_axe":63,"regions_unexplored:redwood_log":1,"minecraft:melon_slice":21,"minecraft:jungle_stairs":5,"minecraft:stone_axe":18,"minecraft:furnace":1,"minecraft:cooked_porkchop":3,"minecraft:oak_boat":1},"minecraft:crafted":{"minecraft:oak_planks":68,"minecraft:cooked_porkchop":10,"minecraft:crafting_table":2,"minecraft:wooden_pickaxe":1,"minecraft:furnace":1,"minecraft:copper_ingot":6,"minecraft:stone_axe":1,"minecraft:air":0,"minecraft:jungle_planks":8,"minecraft:oak_boat":1,"regions_unexplored:redwood_planks":176,"minecraft:charcoal":1,"minecraft:stick":20,"minecraft:stone_pickaxe":4,"regions_unexplored:redwood_door":3,"minecraft:wooden_axe":1,"minecraft:jungle_stairs":4,"minecraft:torch":8}},"DataVersion":3465}