{"stats":{"minecraft:mined":{"minecraft:dark_oak_planks":12,"create:zinc_ore":4,"create:deepslate_zinc_ore":17,"minecraft:tuff":1,"minecraft:deepslate_diamond_ore":3,"minecraft:glow_lichen":1,"minecraft:grass_block":11,"travelersbackpack:white_sleeping_bag":1,"minecraft:kelp":3,"minecraft:sandstone":1,"minecraft:furnace":6,"minecraft:iron_ore":27,"minecraft:cobbled_deepslate":3,"minecraft:andesite":39,"minecraft:pumpkin":3,"minecraft:rail":10,"minecraft:stone":225,"minecraft:kelp_plant":2,"travelersbackpack:standard":4,"minecraft:oak_fence":11,"minecraft:crafting_table":7,"minecraft:torch":2,"minecraft:chest":3,"minecraft:dead_bush":4,"minecraft:mushroom_stem":4,"minecraft:copper_ore":43,"minecraft:tall_grass":3,"minecraft:cobblestone":2,"minecraft:oak_planks":37,"minecraft:sugar_cane":9,"minecraft:diorite":16,"minecraft:wall_torch":1,"minecraft:birch_planks":6,"minecraft:dark_oak_door":1,"minecraft:birch_log":23,"minecraft:birch_leaves":2,"minecraft:grass":53,"minecraft:coal_ore":124,"minecraft:oak_log":4,"minecraft:gravel":12,"minecraft:sand":26,"minecraft:dirt":4,"minecraft:cobweb":12,"minecraft:red_mushroom_block":15,"minecraft:gold_ore":7,"minecraft:oak_leaves":19,"minecraft:deepslate":28},"minecraft:broken":{"minecraft:wooden_pickaxe":2,"minecraft:stone_pickaxe":1,"minecraft:stone_axe":1},"minecraft:killed":{"minecraft:cave_spider":1,"minecraft:pig":9,"minecraft:sheep":1,"minecraft:zombie":2,"minecraft:cow":6},"minecraft:used":{"minecraft:stone_sword":49,"minecraft:chest":3,"minecraft:shield":3,"minecraft:iron_sword":11,"minecraft:torch":7,"minecraft:dirt":32,"minecraft:dark_oak_planks":2,"minecraft:iron_axe":2,"minecraft:beef":15,"minecraft:furnace":6,"minecraft:cobbled_deepslate":14,"minecraft:iron_leggings":2,"minecraft:cooked_mutton":1,"minecraft:diorite":1,"minecraft:birch_planks":14,"minecraft:stone_pickaxe":300,"minecraft:wooden_pickaxe":151,"minecraft:sand":1,"minecraft:crafting_table":6,"minecraft:iron_pickaxe":199,"travelersbackpack:white_sleeping_bag":1,"minecraft:stone_axe":103,"minecraft:cobblestone":27,"travelersbackpack:standard":3,"minecraft:porkchop":4,"minecraft:cooked_porkchop":2,"minecraft:andesite":12},"minecraft:custom":{"minecraft:mob_kills":20,"minecraft:interact_with_crafting_table":20,"minecraft:time_since_death":32568,"minecraft:sprint_one_cm":265591,"minecraft:walk_one_cm":222230,"minecraft:damage_blocked_by_shield":480,"minecraft:play_time":137389,"minecraft:deaths":11,"minecraft:sneak_time":432,"minecraft:walk_under_water_one_cm":12323,"minecraft:boat_one_cm":89992,"minecraft:jump":2036,"minecraft:walk_on_water_one_cm":52140,"minecraft:total_world_time":137389,"minecraft:interact_with_furnace":29,"minecraft:sleep_in_bed":1,"minecraft:time_since_rest":32596,"minecraft:damage_taken":3540,"minecraft:damage_dealt":2697,"minecraft:swim_one_cm":80428,"minecraft:fly_one_cm":333490,"minecraft:open_chest":17,"minecraft:crouch_one_cm":1008,"minecraft:fall_one_cm":49652},"minecraft:killed_by":{"minecraft:zombie_villager":1,"minecraft:player":1,"minecraft:skeleton":4,"minecraft:zombie":3},"minecraft:crafted":{"minecraft:oak_planks":16,"minecraft:glass":12,"travelersbackpack:white_sleeping_bag":1,"minecraft:iron_boots":1,"minecraft:iron_axe":1,"minecraft:stone_pickaxe":2,"minecraft:chest":1,"minecraft:cooked_porkchop":9,"minecraft:crafting_table":1,"travelersbackpack:backpack_tank":2,"minecraft:wooden_pickaxe":1,"travelersbackpack:standard":1,"minecraft:copper_ingot":18,"minecraft:birch_planks":92,"minecraft:stone_axe":1,"minecraft:air":0,"minecraft:white_wool":3,"minecraft:shield":2,"minecraft:stick":20,"minecraft:iron_ingot":25,"minecraft:iron_pickaxe":1,"minecraft:iron_leggings":1,"minecraft:stone_sword":1,"minecraft:gold_ingot":6,"minecraft:torch":44,"create:zinc_ingot":18},"minecraft:picked_up":{"minecraft:crafting_table":7,"minecraft:iron_chestplate":1,"minecraft:chicken":2,"minecraft:wooden_pickaxe":5,"minecraft:shield":4,"minecraft:string":36,"minecraft:raw_copper":314,"minecraft:wooden_sword":2,"minecraft:iron_leggings":4,"minecraft:cobbled_deepslate":283,"minecraft:beef":25,"minecraft:redstone_torch":1,"minecraft:iron_pickaxe":5,"minecraft:sugar_cane":83,"minecraft:chest":3,"minecraft:birch_sapling":8,"minecraft:egg":2,"minecraft:iron_boots":2,"minecraft:furnace":6,"minecraft:dark_oak_door":6,"minecraft:stick":60,"minecraft:raw_iron":32,"minecraft:sandstone":1,"minecraft:copper_ingot":9,"minecraft:oak_fence":22,"minecraft:torch":80,"minecraft:bowl":4,"minecraft:porkchop":16,"minecraft:diorite":145,"minecraft:redstone":24,"create:zinc_ingot":2,"minecraft:dark_oak_planks":122,"minecraft:stone_sword":4,"minecraft:arrow":1,"minecraft:rotten_flesh":8,"minecraft:mutton":2,"minecraft:rail":22,"minecraft:white_wool":7,"minecraft:cobblestone":504,"minecraft:birch_log":35,"minecraft:feather":5,"minecraft:andesite":64,"minecraft:salmon":3,"minecraft:leather":15,"minecraft:red_mushroom":20,"minecraft:birch_planks":201,"minecraft:flint":2,"minecraft:tuff":6,"create:raw_zinc":19,"minecraft:oak_log":4,"minecraft:gunpowder":1,"minecraft:dirt":42,"minecraft:cooked_mutton":3,"minecraft:glass":12,"minecraft:bone":1,"minecraft:kelp":1,"minecraft:wheat_seeds":11,"minecraft:raw_gold":7,"minecraft:stone_pickaxe":5,"minecraft:iron_ingot":1,"minecraft:oak_planks":66,"minecraft:iron_sword":1,"minecraft:cooked_porkchop":14,"minecraft:birch_boat":1,"minecraft:pumpkin":9,"minecraft:gravel":28,"minecraft:sand":26,"travelersbackpack:white_sleeping_bag":1,"travelersbackpack:standard":4,"minecraft:diamond":3,"minecraft:stone_axe":2,"minecraft:oak_sapling":5,"minecraft:coal":192}},"DataVersion":3465}