{"stats":{"minecraft:mined":{"minecraft:dark_oak_planks":1,"create:zinc_ore":1,"minecraft:deepslate_redstone_ore":14,"create:deepslate_zinc_ore":24,"minecraft:tuff":16,"minecraft:dark_oak_leaves":1,"minecraft:jungle_leaves":1,"minecraft:dark_oak_log":2,"minecraft:crafting_table":5,"minecraft:glow_lichen":2,"minecraft:granite":1,"minecraft:jungle_log":3,"minecraft:redstone_wire":1,"minecraft:mushroom_stem":38,"minecraft:brown_mushroom_block":111,"minecraft:copper_ore":7,"minecraft:tall_grass":3,"minecraft:cobblestone":2,"minecraft:sugar_cane":7,"minecraft:redstone_ore":5,"minecraft:furnace":1,"minecraft:birch_log":13,"minecraft:iron_ore":17,"minecraft:redstone_torch":2,"minecraft:birch_leaves":3,"minecraft:grass":40,"minecraft:coal_ore":39,"minecraft:gravel":1,"minecraft:dirt":4,"minecraft:red_mushroom_block":127,"minecraft:stone":144,"create:limestone":1,"minecraft:deepslate":190,"minecraft:redstone_wall_torch":2,"minecraft:fern":6},"minecraft:killed":{"minecraft:sheep":3},"minecraft:used":{"minecraft:stone_pickaxe":175,"minecraft:redstone":1,"minecraft:birch_boat":5,"minecraft:wooden_pickaxe":7,"minecraft:jungle_boat":2,"minecraft:torch":3,"minecraft:dirt":4,"minecraft:mutton":2,"minecraft:crafting_table":9,"minecraft:mushroom_stew":9,"minecraft:redstone_torch":17,"minecraft:dark_oak_planks":2,"minecraft:iron_axe":1,"minecraft:iron_pickaxe":285,"minecraft:cobblestone":12,"minecraft:furnace":3,"minecraft:cobbled_deepslate":10},"minecraft:custom":{"minecraft:interact_with_furnace":16,"minecraft:mob_kills":3,"minecraft:interact_with_crafting_table":22,"minecraft:time_since_death":64204,"minecraft:climb_one_cm":620,"minecraft:time_since_rest":64265,"minecraft:sprint_one_cm":124112,"minecraft:damage_taken":775,"minecraft:walk_one_cm":131075,"minecraft:drop":4,"minecraft:damage_dealt":289,"minecraft:swim_one_cm":44150,"minecraft:fly_one_cm":144391,"minecraft:open_chest":1,"minecraft:crouch_one_cm":233,"minecraft:play_time":84986,"minecraft:deaths":1,"minecraft:sneak_time":428,"minecraft:walk_under_water_one_cm":18159,"minecraft:boat_one_cm":686510,"minecraft:jump":906,"minecraft:walk_on_water_one_cm":22658,"minecraft:total_world_time":84986,"minecraft:fall_one_cm":14115},"minecraft:killed_by":{"minecraft:skeleton":1},"minecraft:crafted":{"minecraft:crafting_table":5,"minecraft:jungle_boat":1,"minecraft:birch_boat":3,"minecraft:wooden_pickaxe":2,"minecraft:bowl":8,"minecraft:furnace":3,"minecraft:mushroom_stew":14,"minecraft:birch_planks":52,"minecraft:air":0,"minecraft:jungle_planks":12,"minecraft:iron_axe":1,"minecraft:stick":28,"minecraft:iron_ingot":10,"minecraft:iron_pickaxe":2,"minecraft:stone_pickaxe":2,"minecraft:redstone_torch":12,"minecraft:torch":8,"minecraft:dark_oak_planks":8},"minecraft:dropped":{"minecraft:mushroom_stew":4},"minecraft:picked_up":{"minecraft:birch_log":13,"minecraft:crafting_table":5,"minecraft:jungle_boat":1,"minecraft:jungle_log":3,"minecraft:brown_mushroom":41,"minecraft:red_mushroom":44,"minecraft:birch_planks":32,"minecraft:tuff":15,"create:raw_zinc":25,"minecraft:dirt":4,"minecraft:raw_copper":22,"create:limestone":1,"minecraft:kelp":3,"minecraft:cobbled_deepslate":189,"minecraft:wheat_seeds":7,"minecraft:iron_ingot":3,"minecraft:redstone_torch":5,"minecraft:sugar_cane":11,"minecraft:furnace":1,"minecraft:raw_iron":17,"minecraft:birch_boat":3,"minecraft:redstone":78,"minecraft:dark_oak_log":2,"minecraft:dark_oak_planks":2,"minecraft:granite":1,"minecraft:mutton":4,"minecraft:coal":39,"minecraft:white_wool":3,"minecraft:cobblestone":135}},"DataVersion":3465}