{"stats":{"minecraft:mined":{"create:zinc_ore":1,"minecraft:deepslate_redstone_ore":4,"create:deepslate_zinc_ore":24,"minecraft:tuff":14,"minecraft:dark_oak_leaves":1,"minecraft:jungle_leaves":1,"minecraft:dark_oak_log":2,"minecraft:crafting_table":4,"minecraft:glow_lichen":1,"minecraft:granite":1,"minecraft:jungle_log":3,"minecraft:redstone_wire":1,"minecraft:mushroom_stem":38,"minecraft:brown_mushroom_block":111,"minecraft:copper_ore":7,"minecraft:tall_grass":3,"minecraft:cobblestone":2,"minecraft:sugar_cane":7,"minecraft:redstone_ore":5,"minecraft:birch_log":13,"minecraft:iron_ore":7,"minecraft:redstone_torch":2,"minecraft:birch_leaves":3,"minecraft:grass":13,"minecraft:coal_ore":2,"minecraft:dirt":4,"minecraft:red_mushroom_block":127,"minecraft:stone":135,"create:limestone":1,"minecraft:deepslate":166,"minecraft:redstone_wall_torch":2},"minecraft:used":{"minecraft:stone_pickaxe":123,"minecraft:redstone":1,"minecraft:birch_boat":2,"minecraft:wooden_pickaxe":7,"minecraft:jungle_boat":2,"minecraft:dirt":4,"minecraft:crafting_table":8,"minecraft:mushroom_stew":3,"minecraft:redstone_torch":17,"minecraft:iron_axe":1,"minecraft:iron_pickaxe":241,"minecraft:cobblestone":5,"minecraft:furnace":2},"minecraft:custom":{"minecraft:interact_with_furnace":10,"minecraft:interact_with_crafting_table":15,"minecraft:time_since_death":40204,"minecraft:climb_one_cm":620,"minecraft:time_since_rest":40265,"minecraft:sprint_one_cm":69900,"minecraft:damage_taken":455,"minecraft:walk_one_cm":88612,"minecraft:drop":4,"minecraft:damage_dealt":18,"minecraft:swim_one_cm":24290,"minecraft:fly_one_cm":55734,"minecraft:open_chest":1,"minecraft:crouch_one_cm":115,"minecraft:play_time":60986,"minecraft:deaths":1,"minecraft:sneak_time":178,"minecraft:walk_under_water_one_cm":10441,"minecraft:boat_one_cm":603890,"minecraft:jump":469,"minecraft:walk_on_water_one_cm":6909,"minecraft:total_world_time":60986,"minecraft:fall_one_cm":6674},"minecraft:killed_by":{"minecraft:skeleton":1},"minecraft:crafted":{"minecraft:crafting_table":4,"minecraft:jungle_boat":1,"minecraft:birch_boat":2,"minecraft:wooden_pickaxe":2,"minecraft:bowl":8,"minecraft:furnace":2,"minecraft:mushroom_stew":8,"minecraft:birch_planks":52,"minecraft:air":0,"minecraft:jungle_planks":12,"minecraft:iron_axe":1,"minecraft:stick":24,"minecraft:iron_ingot":7,"minecraft:iron_pickaxe":1,"minecraft:stone_pickaxe":2,"minecraft:redstone_torch":12,"minecraft:dark_oak_planks":8},"minecraft:dropped":{"minecraft:mushroom_stew":4},"minecraft:picked_up":{"minecraft:birch_log":13,"minecraft:crafting_table":4,"minecraft:jungle_boat":1,"minecraft:jungle_log":3,"minecraft:brown_mushroom":41,"minecraft:red_mushroom":44,"minecraft:birch_planks":32,"minecraft:tuff":13,"create:raw_zinc":25,"minecraft:dirt":4,"minecraft:raw_copper":22,"create:limestone":1,"minecraft:kelp":3,"minecraft:cobbled_deepslate":165,"minecraft:wheat_seeds":3,"minecraft:redstone_torch":5,"minecraft:sugar_cane":11,"minecraft:raw_iron":7,"minecraft:redstone":42,"minecraft:dark_oak_log":2,"minecraft:dark_oak_planks":1,"minecraft:granite":1,"minecraft:coal":2,"minecraft:cobblestone":126}},"DataVersion":3465}