{"stats":{"minecraft:mined":{"minecraft:dark_oak_planks":1,"create:zinc_ore":1,"minecraft:deepslate_redstone_ore":14,"create:deepslate_zinc_ore":24,"minecraft:tuff":16,"minecraft:dark_oak_leaves":1,"minecraft:orange_terracotta":13,"minecraft:jungle_leaves":1,"minecraft:dark_oak_log":2,"minecraft:crafting_table":5,"minecraft:glow_lichen":2,"minecraft:light_gray_terracotta":4,"minecraft:granite":1,"minecraft:jungle_log":3,"minecraft:dead_bush":3,"minecraft:redstone_wire":1,"minecraft:mushroom_stem":38,"minecraft:brown_mushroom_block":111,"minecraft:copper_ore":7,"minecraft:tall_grass":3,"minecraft:cobblestone":2,"minecraft:sugar_cane":12,"minecraft:white_terracotta":25,"minecraft:cactus":3,"minecraft:red_terracotta":18,"minecraft:redstone_ore":5,"minecraft:furnace":1,"minecraft:birch_log":13,"minecraft:iron_ore":17,"minecraft:redstone_torch":2,"minecraft:birch_leaves":3,"minecraft:grass":40,"minecraft:coal_ore":39,"minecraft:gravel":1,"minecraft:dirt":4,"minecraft:terracotta":2,"minecraft:red_mushroom_block":127,"minecraft:stone":144,"create:limestone":1,"minecraft:deepslate":190,"minecraft:redstone_wall_torch":2,"minecraft:fern":6},"minecraft:killed":{"minecraft:sheep":3},"minecraft:used":{"minecraft:stone_pickaxe":175,"minecraft:redstone":1,"minecraft:birch_boat":5,"minecraft:wooden_pickaxe":7,"minecraft:white_terracotta":2,"minecraft:jungle_boat":2,"minecraft:torch":3,"minecraft:dirt":4,"minecraft:mutton":2,"minecraft:crafting_table":9,"minecraft:mushroom_stew":11,"minecraft:redstone_torch":17,"minecraft:dark_oak_planks":2,"minecraft:iron_axe":1,"minecraft:iron_pickaxe":351,"minecraft:red_terracotta":7,"minecraft:cobblestone":12,"minecraft:furnace":3,"minecraft:cobbled_deepslate":10,"minecraft:orange_terracotta":9},"minecraft:custom":{"minecraft:interact_with_furnace":16,"minecraft:mob_kills":3,"minecraft:interact_with_crafting_table":22,"minecraft:time_since_death":108,"minecraft:sleep_in_bed":2,"minecraft:climb_one_cm":620,"minecraft:time_since_rest":174,"minecraft:sprint_one_cm":162104,"minecraft:damage_taken":1083,"minecraft:walk_one_cm":166265,"minecraft:drop":5,"minecraft:damage_dealt":315,"minecraft:talked_to_villager":4,"minecraft:swim_one_cm":45702,"minecraft:fly_one_cm":199475,"minecraft:open_chest":4,"minecraft:crouch_one_cm":1127,"minecraft:play_time":96986,"minecraft:deaths":2,"minecraft:sneak_time":850,"minecraft:walk_under_water_one_cm":18175,"minecraft:boat_one_cm":686510,"minecraft:jump":1148,"minecraft:interact_with_blast_furnace":1,"minecraft:walk_on_water_one_cm":22998,"minecraft:total_world_time":96986,"minecraft:fall_one_cm":20972,"minecraft:horse_one_cm":4980},"minecraft:killed_by":{"minecraft:skeleton":1,"minecraft:iron_golem":1},"minecraft:crafted":{"minecraft:crafting_table":5,"minecraft:jungle_boat":1,"minecraft:birch_boat":3,"minecraft:wooden_pickaxe":2,"minecraft:bowl":8,"minecraft:furnace":3,"minecraft:mushroom_stew":15,"minecraft:birch_planks":52,"minecraft:air":0,"minecraft:jungle_planks":12,"minecraft:iron_axe":1,"minecraft:stick":28,"minecraft:iron_ingot":10,"minecraft:iron_pickaxe":2,"minecraft:stone_pickaxe":2,"minecraft:redstone_torch":12,"minecraft:torch":8,"minecraft:dark_oak_planks":8},"minecraft:dropped":{"minecraft:mushroom_stew":4,"minecraft:iron_pickaxe":1},"minecraft:picked_up":{"minecraft:birch_log":13,"minecraft:crafting_table":5,"minecraft:jungle_boat":1,"minecraft:jungle_log":3,"minecraft:brown_mushroom":41,"minecraft:red_mushroom":44,"minecraft:birch_planks":32,"minecraft:tuff":15,"create:raw_zinc":25,"minecraft:dirt":4,"minecraft:raw_copper":22,"create:limestone":1,"minecraft:orange_terracotta":12,"minecraft:kelp":3,"minecraft:cobbled_deepslate":189,"minecraft:wheat_seeds":7,"minecraft:iron_ingot":3,"minecraft:redstone_torch":5,"minecraft:iron_pickaxe":1,"minecraft:sugar_cane":16,"minecraft:furnace":1,"minecraft:stick":9,"minecraft:raw_iron":17,"minecraft:birch_boat":3,"minecraft:redstone":78,"minecraft:red_terracotta":18,"minecraft:dark_oak_log":2,"minecraft:dark_oak_planks":2,"minecraft:light_gray_terracotta":4,"minecraft:rotten_flesh":2,"minecraft:granite":1,"minecraft:white_terracotta":23,"minecraft:terracotta":2,"minecraft:mutton":4,"minecraft:coal":39,"minecraft:white_wool":3,"minecraft:cobblestone":135}},"DataVersion":3465}