{"stats":{"minecraft:mined":{"create:zinc_ore":1,"create:deepslate_zinc_ore":11,"minecraft:tuff":4,"minecraft:redstone_ore":5,"minecraft:iron_ore":7,"minecraft:birch_log":10,"minecraft:birch_leaves":3,"minecraft:glow_lichen":1,"minecraft:crafting_table":1,"minecraft:granite":1,"minecraft:redstone_wire":1,"minecraft:dirt":4,"minecraft:stone":121,"minecraft:deepslate":75},"minecraft:used":{"minecraft:redstone":1,"minecraft:stone_pickaxe":99,"minecraft:iron_pickaxe":123,"minecraft:wooden_pickaxe":4,"minecraft:dirt":4,"minecraft:crafting_table":2,"minecraft:furnace":2,"minecraft:redstone_torch":4},"minecraft:custom":{"minecraft:time_since_rest":12986,"minecraft:interact_with_furnace":10,"minecraft:sprint_one_cm":14473,"minecraft:damage_taken":80,"minecraft:walk_one_cm":25376,"minecraft:interact_with_crafting_table":6,"minecraft:fly_one_cm":534,"minecraft:crouch_one_cm":98,"minecraft:play_time":12986,"minecraft:sneak_time":10,"minecraft:jump":37,"minecraft:time_since_death":12986,"minecraft:total_world_time":12986,"minecraft:fall_one_cm":670},"minecraft:crafted":{"minecraft:iron_axe":1,"minecraft:crafting_table":1,"minecraft:stick":16,"minecraft:wooden_pickaxe":1,"minecraft:iron_ingot":7,"minecraft:iron_pickaxe":1,"minecraft:stone_pickaxe":1,"minecraft:furnace":2,"minecraft:redstone_torch":8,"minecraft:birch_planks":40,"minecraft:air":0},"minecraft:picked_up":{"minecraft:birch_log":10,"minecraft:raw_iron":7,"minecraft:crafting_table":1,"minecraft:tuff":4,"create:raw_zinc":12,"minecraft:redstone":23,"minecraft:dirt":4,"minecraft:cobbled_deepslate":75,"minecraft:granite":1,"minecraft:cobblestone":110}},"DataVersion":3465}