{"stats":{"minecraft:mined":{"minecraft:dark_oak_planks":1,"create:zinc_ore":1,"minecraft:deepslate_redstone_ore":14,"create:deepslate_zinc_ore":24,"minecraft:tuff":16,"minecraft:dark_oak_leaves":1,"minecraft:orange_terracotta":13,"minecraft:jungle_leaves":1,"minecraft:dark_oak_log":2,"minecraft:crafting_table":5,"minecraft:glow_lichen":2,"minecraft:light_gray_terracotta":4,"minecraft:granite":1,"minecraft:jungle_log":3,"minecraft:dead_bush":3,"minecraft:redstone_wire":1,"minecraft:mushroom_stem":38,"minecraft:brown_mushroom_block":111,"minecraft:copper_ore":7,"minecraft:tall_grass":3,"minecraft:cobblestone":2,"minecraft:sugar_cane":18,"minecraft:hay_block":10,"minecraft:white_terracotta":25,"minecraft:cactus":3,"minecraft:red_terracotta":18,"minecraft:redstone_ore":5,"minecraft:furnace":1,"minecraft:birch_log":13,"minecraft:iron_ore":17,"minecraft:redstone_torch":2,"minecraft:wheat":58,"minecraft:birch_leaves":3,"minecraft:grass":40,"minecraft:coal_ore":39,"minecraft:beetroots":8,"minecraft:gravel":1,"minecraft:dirt":4,"minecraft:terracotta":2,"minecraft:red_mushroom_block":127,"minecraft:stone":144,"create:limestone":1,"minecraft:deepslate":190,"minecraft:redstone_wall_torch":2,"minecraft:fern":6},"minecraft:killed":{"minecraft:sheep":3},"minecraft:used":{"minecraft:wheat_seeds":42,"minecraft:stone_pickaxe":175,"minecraft:redstone":1,"minecraft:birch_boat":5,"minecraft:wooden_pickaxe":7,"minecraft:white_terracotta":2,"minecraft:jungle_boat":2,"minecraft:torch":3,"minecraft:dirt":4,"minecraft:mutton":2,"minecraft:crafting_table":9,"minecraft:mushroom_stew":11,"minecraft:redstone_torch":17,"minecraft:dark_oak_planks":2,"minecraft:iron_axe":1,"minecraft:iron_pickaxe":351,"minecraft:white_glazed_terracotta":2,"minecraft:red_terracotta":7,"minecraft:cobblestone":12,"minecraft:furnace":3,"minecraft:cobbled_deepslate":10,"minecraft:orange_terracotta":9},"minecraft:custom":{"minecraft:interact_with_furnace":16,"minecraft:mob_kills":3,"minecraft:interact_with_cartography_table":1,"minecraft:interact_with_crafting_table":22,"minecraft:time_since_death":2905,"minecraft:sleep_in_bed":2,"minecraft:climb_one_cm":620,"minecraft:time_since_rest":2930,"minecraft:sprint_one_cm":187520,"minecraft:damage_taken":1288,"minecraft:walk_one_cm":190608,"minecraft:drop":5,"minecraft:damage_dealt":315,"minecraft:talked_to_villager":6,"minecraft:swim_one_cm":50536,"minecraft:fly_one_cm":233925,"minecraft:open_chest":6,"minecraft:crouch_one_cm":1157,"minecraft:play_time":108986,"minecraft:deaths":3,"minecraft:sneak_time":922,"minecraft:walk_under_water_one_cm":18799,"minecraft:boat_one_cm":686510,"minecraft:jump":1280,"minecraft:interact_with_blast_furnace":1,"minecraft:walk_on_water_one_cm":24759,"minecraft:total_world_time":108986,"minecraft:fall_one_cm":24088,"minecraft:horse_one_cm":4980},"minecraft:killed_by":{"minecraft:skeleton":1,"minecraft:iron_golem":1},"minecraft:crafted":{"minecraft:crafting_table":5,"minecraft:jungle_boat":1,"minecraft:birch_boat":3,"minecraft:wooden_pickaxe":2,"minecraft:bowl":8,"minecraft:furnace":3,"minecraft:mushroom_stew":15,"minecraft:birch_planks":52,"minecraft:air":0,"minecraft:jungle_planks":12,"minecraft:iron_axe":1,"minecraft:stick":28,"minecraft:iron_ingot":10,"minecraft:iron_pickaxe":2,"minecraft:stone_pickaxe":2,"minecraft:redstone_torch":12,"minecraft:torch":8,"minecraft:dark_oak_planks":8,"minecraft:shears":1},"minecraft:dropped":{"minecraft:mushroom_stew":4,"minecraft:iron_pickaxe":1},"minecraft:picked_up":{"minecraft:birch_log":13,"minecraft:wheat":57,"minecraft:crafting_table":6,"minecraft:jungle_boat":1,"minecraft:jungle_log":3,"minecraft:brown_mushroom":67,"minecraft:red_mushroom":73,"minecraft:birch_planks":32,"minecraft:tuff":15,"create:raw_zinc":25,"bloodmagic:airsigil":6,"minecraft:lapis_lazuli":4,"minecraft:dirt":4,"minecraft:raw_copper":44,"create:limestone":1,"minecraft:orange_terracotta":15,"minecraft:beetroot":8,"minecraft:kelp":3,"minecraft:cobbled_deepslate":189,"minecraft:wheat_seeds":162,"minecraft:iron_ingot":6,"minecraft:redstone_torch":5,"minecraft:iron_pickaxe":1,"minecraft:sugar_cane":22,"minecraft:furnace":1,"minecraft:white_glazed_terracotta":2,"minecraft:stick":18,"minecraft:raw_iron":21,"minecraft:birch_boat":4,"minecraft:torch":5,"minecraft:bowl":4,"minecraft:redstone":78,"minecraft:red_terracotta":18,"minecraft:dark_oak_log":2,"minecraft:dark_oak_planks":2,"minecraft:light_gray_terracotta":8,"minecraft:rotten_flesh":5,"minecraft:beetroot_seeds":23,"minecraft:hay_block":11,"minecraft:granite":1,"minecraft:bread":14,"minecraft:gold_ingot":4,"minecraft:white_terracotta":23,"minecraft:terracotta":2,"minecraft:mutton":6,"minecraft:coal":39,"minecraft:white_wool":3,"minecraft:cobblestone":135}},"DataVersion":3465}