{"stats":{"minecraft:mined":{"create:zinc_ore":1,"minecraft:deepslate_redstone_ore":4,"create:deepslate_zinc_ore":24,"minecraft:tuff":14,"minecraft:redstone_ore":5,"minecraft:redstone_torch":2,"minecraft:iron_ore":7,"minecraft:birch_log":10,"minecraft:jungle_leaves":1,"minecraft:birch_leaves":3,"minecraft:glow_lichen":1,"minecraft:crafting_table":2,"minecraft:granite":1,"minecraft:jungle_log":3,"minecraft:redstone_wire":1,"minecraft:dirt":4,"minecraft:cobblestone":2,"minecraft:stone":121,"minecraft:sugar_cane":3,"create:limestone":1,"minecraft:redstone_wall_torch":2,"minecraft:deepslate":166},"minecraft:used":{"minecraft:iron_axe":1,"minecraft:redstone":1,"minecraft:stone_pickaxe":103,"minecraft:iron_pickaxe":241,"minecraft:wooden_pickaxe":4,"minecraft:jungle_boat":1,"minecraft:dirt":4,"minecraft:cobblestone":5,"minecraft:crafting_table":3,"minecraft:furnace":2,"minecraft:redstone_torch":17},"minecraft:custom":{"minecraft:time_since_rest":4265,"minecraft:interact_with_furnace":10,"minecraft:sprint_one_cm":29693,"minecraft:damage_taken":350,"minecraft:walk_one_cm":47945,"minecraft:damage_dealt":18,"minecraft:swim_one_cm":22766,"minecraft:interact_with_crafting_table":7,"minecraft:fly_one_cm":13955,"minecraft:crouch_one_cm":115,"minecraft:play_time":24986,"minecraft:deaths":1,"minecraft:sneak_time":73,"minecraft:walk_under_water_one_cm":3054,"minecraft:boat_one_cm":22545,"minecraft:jump":187,"minecraft:walk_on_water_one_cm":3469,"minecraft:time_since_death":4204,"minecraft:climb_one_cm":620,"minecraft:total_world_time":24986,"minecraft:fall_one_cm":2344},"minecraft:killed_by":{"minecraft:skeleton":1},"minecraft:crafted":{"minecraft:iron_axe":1,"minecraft:crafting_table":2,"minecraft:jungle_boat":1,"minecraft:stick":20,"minecraft:wooden_pickaxe":1,"minecraft:iron_ingot":7,"minecraft:iron_pickaxe":1,"minecraft:stone_pickaxe":1,"minecraft:furnace":2,"minecraft:redstone_torch":12,"minecraft:birch_planks":40,"minecraft:air":0,"minecraft:jungle_planks":12},"minecraft:picked_up":{"minecraft:birch_log":10,"minecraft:raw_iron":7,"minecraft:crafting_table":2,"minecraft:jungle_log":3,"minecraft:tuff":13,"create:raw_zinc":25,"minecraft:redstone":42,"minecraft:dirt":4,"create:limestone":1,"minecraft:cobbled_deepslate":165,"minecraft:granite":1,"minecraft:redstone_torch":5,"minecraft:sugar_cane":7,"minecraft:cobblestone":112}},"DataVersion":3465}