{"stats":{"minecraft:mined":{"create:zinc_ore":1,"minecraft:deepslate_redstone_ore":4,"create:deepslate_zinc_ore":24,"minecraft:tuff":14,"minecraft:dark_oak_leaves":1,"minecraft:jungle_leaves":1,"minecraft:dark_oak_log":2,"minecraft:crafting_table":4,"minecraft:glow_lichen":1,"minecraft:granite":1,"minecraft:jungle_log":3,"minecraft:redstone_wire":1,"minecraft:mushroom_stem":38,"minecraft:brown_mushroom_block":111,"minecraft:tall_grass":3,"minecraft:cobblestone":2,"minecraft:sugar_cane":7,"minecraft:redstone_ore":5,"minecraft:birch_log":13,"minecraft:iron_ore":7,"minecraft:redstone_torch":2,"minecraft:birch_leaves":3,"minecraft:grass":13,"minecraft:dirt":4,"minecraft:red_mushroom_block":127,"minecraft:stone":121,"create:limestone":1,"minecraft:deepslate":166,"minecraft:redstone_wall_torch":2},"minecraft:used":{"minecraft:stone_pickaxe":103,"minecraft:redstone":1,"minecraft:birch_boat":1,"minecraft:wooden_pickaxe":4,"minecraft:jungle_boat":2,"minecraft:dirt":4,"minecraft:crafting_table":6,"minecraft:mushroom_stew":3,"minecraft:redstone_torch":17,"minecraft:iron_axe":1,"minecraft:iron_pickaxe":241,"minecraft:cobblestone":5,"minecraft:furnace":2},"minecraft:custom":{"minecraft:interact_with_furnace":10,"minecraft:interact_with_crafting_table":11,"minecraft:time_since_death":28204,"minecraft:climb_one_cm":620,"minecraft:time_since_rest":28265,"minecraft:sprint_one_cm":66005,"minecraft:damage_taken":455,"minecraft:walk_one_cm":81365,"minecraft:drop":4,"minecraft:damage_dealt":18,"minecraft:swim_one_cm":23289,"minecraft:fly_one_cm":48022,"minecraft:open_chest":1,"minecraft:crouch_one_cm":115,"minecraft:play_time":48986,"minecraft:deaths":1,"minecraft:sneak_time":73,"minecraft:walk_under_water_one_cm":3977,"minecraft:boat_one_cm":307755,"minecraft:jump":402,"minecraft:walk_on_water_one_cm":4758,"minecraft:total_world_time":48986,"minecraft:fall_one_cm":5987},"minecraft:killed_by":{"minecraft:skeleton":1},"minecraft:crafted":{"minecraft:crafting_table":3,"minecraft:jungle_boat":1,"minecraft:birch_boat":1,"minecraft:wooden_pickaxe":1,"minecraft:bowl":8,"minecraft:furnace":2,"minecraft:mushroom_stew":8,"minecraft:birch_planks":52,"minecraft:air":0,"minecraft:jungle_planks":12,"minecraft:iron_axe":1,"minecraft:stick":24,"minecraft:iron_ingot":7,"minecraft:iron_pickaxe":1,"minecraft:stone_pickaxe":1,"minecraft:redstone_torch":12,"minecraft:dark_oak_planks":8},"minecraft:dropped":{"minecraft:mushroom_stew":4},"minecraft:picked_up":{"minecraft:birch_log":13,"minecraft:crafting_table":4,"minecraft:jungle_boat":1,"minecraft:jungle_log":3,"minecraft:brown_mushroom":41,"minecraft:red_mushroom":44,"minecraft:tuff":13,"create:raw_zinc":25,"minecraft:dirt":4,"create:limestone":1,"minecraft:cobbled_deepslate":165,"minecraft:wheat_seeds":3,"minecraft:redstone_torch":5,"minecraft:sugar_cane":11,"minecraft:raw_iron":7,"minecraft:redstone":42,"minecraft:dark_oak_log":2,"minecraft:dark_oak_planks":1,"minecraft:granite":1,"minecraft:cobblestone":112}},"DataVersion":3465}