{"stats":{"minecraft:mined":{"create:zinc_ore":1,"minecraft:deepslate_redstone_ore":4,"create:deepslate_zinc_ore":24,"minecraft:tuff":14,"minecraft:jungle_leaves":1,"minecraft:dark_oak_log":2,"minecraft:crafting_table":3,"minecraft:glow_lichen":1,"minecraft:granite":1,"minecraft:jungle_log":3,"minecraft:redstone_wire":1,"minecraft:mushroom_stem":29,"minecraft:brown_mushroom_block":69,"minecraft:tall_grass":3,"minecraft:cobblestone":2,"minecraft:sugar_cane":7,"minecraft:redstone_ore":5,"minecraft:birch_log":10,"minecraft:iron_ore":7,"minecraft:redstone_torch":2,"minecraft:birch_leaves":3,"minecraft:grass":13,"minecraft:dirt":4,"minecraft:red_mushroom_block":96,"minecraft:stone":121,"create:limestone":1,"minecraft:deepslate":166,"minecraft:redstone_wall_torch":2},"minecraft:used":{"minecraft:stone_pickaxe":103,"minecraft:redstone":1,"minecraft:wooden_pickaxe":4,"minecraft:jungle_boat":2,"minecraft:dirt":4,"minecraft:crafting_table":4,"minecraft:mushroom_stew":2,"minecraft:redstone_torch":17,"minecraft:iron_axe":1,"minecraft:iron_pickaxe":241,"minecraft:cobblestone":5,"minecraft:furnace":2},"minecraft:custom":{"minecraft:interact_with_furnace":10,"minecraft:interact_with_crafting_table":8,"minecraft:time_since_death":16204,"minecraft:climb_one_cm":620,"minecraft:time_since_rest":16265,"minecraft:sprint_one_cm":48073,"minecraft:damage_taken":380,"minecraft:walk_one_cm":61307,"minecraft:drop":4,"minecraft:damage_dealt":18,"minecraft:swim_one_cm":23289,"minecraft:fly_one_cm":37600,"minecraft:crouch_one_cm":115,"minecraft:play_time":36986,"minecraft:deaths":1,"minecraft:sneak_time":73,"minecraft:walk_under_water_one_cm":3316,"minecraft:boat_one_cm":201285,"minecraft:jump":306,"minecraft:walk_on_water_one_cm":4269,"minecraft:total_world_time":36986,"minecraft:fall_one_cm":4255},"minecraft:killed_by":{"minecraft:skeleton":1},"minecraft:crafted":{"minecraft:crafting_table":2,"minecraft:jungle_boat":1,"minecraft:wooden_pickaxe":1,"minecraft:bowl":8,"minecraft:furnace":2,"minecraft:mushroom_stew":8,"minecraft:birch_planks":40,"minecraft:air":0,"minecraft:jungle_planks":12,"minecraft:iron_axe":1,"minecraft:stick":20,"minecraft:iron_ingot":7,"minecraft:iron_pickaxe":1,"minecraft:stone_pickaxe":1,"minecraft:redstone_torch":12,"minecraft:dark_oak_planks":8},"minecraft:dropped":{"minecraft:mushroom_stew":4},"minecraft:picked_up":{"minecraft:birch_log":10,"minecraft:crafting_table":3,"minecraft:jungle_boat":1,"minecraft:jungle_log":3,"minecraft:brown_mushroom":27,"minecraft:red_mushroom":32,"minecraft:tuff":13,"create:raw_zinc":25,"minecraft:dirt":4,"create:limestone":1,"minecraft:cobbled_deepslate":165,"minecraft:wheat_seeds":3,"minecraft:redstone_torch":5,"minecraft:sugar_cane":11,"minecraft:raw_iron":7,"minecraft:redstone":42,"minecraft:dark_oak_log":2,"minecraft:granite":1,"minecraft:cobblestone":112}},"DataVersion":3465}