{
  "minecraft:recipes/decorations/crafting_table": {
    "criteria": {
      "unlock_right_away": "2024-07-13 06:44:40 +0000"
    },
    "done": true
  },
  "regions_unexplored:parent": {
    "criteria": {
      "load_in_world": "2024-07-13 06:44:41 +0000"
    },
    "done": true
  },
  "regions_unexplored:regions_explored": {
    "criteria": {
      "redwoods": "2024-07-13 06:47:12 +0000"
    },
    "done": false
  },
  "regions_unexplored:pioneer": {
    "criteria": {
      "redwoods": "2024-07-13 06:47:12 +0000"
    },
    "done": false
  },
  "minecraft:adventure/adventuring_time": {
    "criteria": {
      "minecraft:beach": "2024-07-13 06:45:44 +0000",
      "minecraft:lukewarm_ocean": "2024-07-13 06:45:53 +0000",
      "minecraft:jungle": "2024-07-13 06:44:41 +0000"
    },
    "done": false
  },
  "DataVersion": 3465
}