{
  "create:root": {
    "criteria": {
      "0": "2024-07-12 23:36:14 +0000"
    },
    "done": true
  },
  "minecraft:recipes/decorations/crafting_table": {
    "criteria": {
      "unlock_right_away": "2024-07-12 23:35:58 +0000"
    },
    "done": true
  },
  "minecraft:adventure/root": {
    "criteria": {
      "killed_by_something": "2024-07-12 23:37:37 +0000"
    },
    "done": true
  },
  "minecraft:adventure/adventuring_time": {
    "criteria": {
      "minecraft:birch_forest": "2024-07-12 23:44:50 +0000",
      "minecraft:river": "2024-07-12 23:44:49 +0000",
      "minecraft:old_growth_birch_forest": "2024-07-12 23:36:00 +0000"
    },
    "done": false
  },
  "DataVersion": 3465
}